datetime,open,high,low,close,volume
2026-01-01T09:15:00+0530,26173.3,26195.35,26149.25,26187.2,0
2026-01-01T09:30:00+0530,26184,26188.95,26162.75,26181.55,0
2026-01-01T09:45:00+0530,26178.25,26197.55,26153.5,26157.2,0
2026-01-01T10:00:00+0530,26157.45,26179.1,26147,26151.15,0
2026-01-01T10:15:00+0530,26151.65,26159.75,26117.7,26157.35,0
2026-01-01T10:30:00+0530,26158.7,26173.5,26147.6,26161.35,0
2026-01-01T10:45:00+0530,26161.1,26185.6,26160.95,26170.95,0
2026-01-01T11:00:00+0530,26171.05,26180.65,26157.45,26170.5,0
2026-01-01T11:15:00+0530,26170.5,26177.75,26158.5,26165.8,0
2026-01-01T11:30:00+0530,26165.75,26173.85,26142.6,26144.85,0
2026-01-01T11:45:00+0530,26144.1,26154.1,26133.4,26151.3,0
2026-01-01T12:00:00+0530,26151.15,26158.2,26123.95,26125,0
2026-01-01T12:15:00+0530,26124.35,26155.9,26113.4,26150.6,0
2026-01-01T12:30:00+0530,26150.15,26155.35,26126.85,26142.3,0
2026-01-01T12:45:00+0530,26141.6,26162.55,26140.5,26151.6,0
2026-01-01T13:00:00+0530,26152.45,26158.7,26144.35,26151.45,0
2026-01-01T13:15:00+0530,26150.8,26167.95,26129.7,26154.45,0
2026-01-01T13:30:00+0530,26155.35,26161.35,26137.95,26146.8,0
2026-01-01T13:45:00+0530,26146.1,26163.2,26139.25,26157.4,0
2026-01-01T14:00:00+0530,26157.1,26176.2,26153.2,26168,0
2026-01-01T14:15:00+0530,26166.85,26178,26151.9,26152.4,0
2026-01-01T14:30:00+0530,26152.15,26166.35,26149.3,26159.65,0
2026-01-01T14:45:00+0530,26160.35,26165.8,26150.9,26160.4,0
2026-01-01T15:00:00+0530,26163.2,26168.6,26135.95,26142.85,0
2026-01-01T15:15:00+0530,26142.55,26146.2,26126.8,26140.25,0
2026-01-02T09:15:00+0530,26155.1,26210.4,26118.4,26208.1,0
2026-01-02T09:30:00+0530,26207,26249.65,26195.9,26248.05,0
2026-01-02T09:45:00+0530,26248.35,26272.85,26243.65,26254.6,0
2026-01-02T10:00:00+0530,26254.1,26261,26238.65,26254.65,0
2026-01-02T10:15:00+0530,26254.9,26266.2,26243.9,26247.1,0
2026-01-02T10:30:00+0530,26246.8,26259.95,26235.05,26253.65,0
2026-01-02T10:45:00+0530,26253.7,26267.85,26252.05,26263.35,0
2026-01-02T11:00:00+0530,26262.7,26265.05,26243.3,26254.05,0
2026-01-02T11:15:00+0530,26253.3,26275.05,26252.75,26273.25,0
2026-01-02T11:30:00+0530,26273.35,26289.05,26270.7,26285.5,0
2026-01-02T11:45:00+0530,26285.6,26298.7,26278.1,26280,0
2026-01-02T12:00:00+0530,26280.7,26291.2,26275.05,26287.6,0
2026-01-02T12:15:00+0530,26287.1,26301.1,26277,26297.85,0
2026-01-02T12:30:00+0530,26297.45,26312.4,26296.5,26303.05,0
2026-01-02T12:45:00+0530,26301.65,26304.25,26286.7,26295.7,0
2026-01-02T13:00:00+0530,26294.95,26305.9,26290.2,26302.75,0
2026-01-02T13:15:00+0530,26302.75,26314.55,26300.2,26302.5,0
2026-01-02T13:30:00+0530,26302.1,26310.05,26298.95,26304.6,0
2026-01-02T13:45:00+0530,26304.7,26310.95,26296.35,26298.1,0
2026-01-02T14:00:00+0530,26298.6,26306.6,26295.8,26302.8,0
2026-01-02T14:15:00+0530,26302.6,26315.05,26301.75,26307.3,0
2026-01-02T14:30:00+0530,26307,26307,26267.2,26271.8,0
2026-01-02T14:45:00+0530,26272.1,26296.5,26265.85,26294.25,0
2026-01-02T15:00:00+0530,26297.05,26332.15,26297.05,26324.75,0
2026-01-02T15:15:00+0530,26322.7,26340,26319.5,26335.7,0
2026-01-05T09:15:00+0530,26333.7,26358.25,26287.65,26301.6,0
2026-01-05T09:30:00+0530,26301.2,26301.65,26263.6,26279.25,0
2026-01-05T09:45:00+0530,26280.1,26326.5,26274,26316.9,0
2026-01-05T10:00:00+0530,26317,26342.3,26285.1,26339.15,0
2026-01-05T10:15:00+0530,26339.1,26373.2,26337,26354.55,0
2026-01-05T10:30:00+0530,26354.85,26363.35,26333.95,26348.4,0
2026-01-05T10:45:00+0530,26348.5,26362.05,26343.4,26349.6,0
2026-01-05T11:00:00+0530,26348,26365,26346.65,26359.25,0
2026-01-05T11:15:00+0530,26358.95,26361.35,26313.85,26326.65,0
2026-01-05T11:30:00+0530,26327.4,26341.6,26315.5,26338.7,0
2026-01-05T11:45:00+0530,26338.7,26341.15,26317.65,26332.05,0
2026-01-05T12:00:00+0530,26331.5,26334.85,26311.5,26333.2,0
2026-01-05T12:15:00+0530,26334.2,26343.35,26329.5,26333.4,0
2026-01-05T12:30:00+0530,26333.1,26342.65,26330.45,26333.05,0
2026-01-05T12:45:00+0530,26332.85,26349.35,26326.4,26333.4,0
2026-01-05T13:00:00+0530,26333.15,26334.9,26307.8,26308.75,0
2026-01-05T13:15:00+0530,26308.15,26312.9,26292.85,26294.65,0
2026-01-05T13:30:00+0530,26295.15,26298.3,26279.85,26296.3,0
2026-01-05T13:45:00+0530,26296.1,26296.1,26252,26252,0
2026-01-05T14:00:00+0530,26252.2,26253.25,26210.05,26226.75,0
2026-01-05T14:15:00+0530,26226.8,26239.3,26210.8,26227.25,0
2026-01-05T14:30:00+0530,26227,26258.7,26227,26257.15,0
2026-01-05T14:45:00+0530,26257.15,26282.85,26252.45,26280.1,0
2026-01-05T15:00:00+0530,26279.4,26282.9,26243.3,26249.25,0
2026-01-05T15:15:00+0530,26249.85,26250.55,26232.6,26244.65,0
2026-01-06T09:15:00+0530,26189.7,26238.6,26144.7,26173.85,0
2026-01-06T09:30:00+0530,26171.85,26229.3,26171.85,26199.35,0
2026-01-06T09:45:00+0530,26199.3,26259.35,26197.8,26256.8,0
2026-01-06T10:00:00+0530,26258.35,26273.95,26237.15,26243.25,0
2026-01-06T10:15:00+0530,26242.2,26252.9,26218.1,26224.1,0
2026-01-06T10:30:00+0530,26223.1,26238.5,26202.35,26212.1,0
2026-01-06T10:45:00+0530,26211.75,26221,26201.35,26201.35,0
2026-01-06T11:00:00+0530,26201.7,26222.15,26192.65,26194.45,0
2026-01-06T11:15:00+0530,26194.8,26195.65,26141.05,26173.05,0
2026-01-06T11:30:00+0530,26172.15,26196.6,26165.9,26193.6,0
2026-01-06T11:45:00+0530,26193,26200.2,26171.65,26174.5,0
2026-01-06T12:00:00+0530,26173.1,26179.4,26153,26167.65,0
2026-01-06T12:15:00+0530,26167.5,26169.8,26150.15,26161.85,0
2026-01-06T12:30:00+0530,26161.6,26169.8,26155.25,26163.7,0
2026-01-06T12:45:00+0530,26163.75,26180.1,26156.2,26178.9,0
2026-01-06T13:00:00+0530,26178.75,26195,26171.8,26174.7,0
2026-01-06T13:15:00+0530,26173.95,26174.7,26152,26162.25,0
2026-01-06T13:30:00+0530,26161.75,26164.35,26147.15,26164.1,0
2026-01-06T13:45:00+0530,26163.65,26179.7,26149.75,26153.25,0
2026-01-06T14:00:00+0530,26151.95,26172.3,26125.8,26133.15,0
2026-01-06T14:15:00+0530,26133.25,26148.05,26125.3,26148.05,0
2026-01-06T14:30:00+0530,26147.75,26153.85,26124.75,26149.7,0
2026-01-06T14:45:00+0530,26149.8,26169.8,26147.65,26164,0
2026-01-06T15:00:00+0530,26165.05,26187.7,26165.05,26175.95,0
2026-01-06T15:15:00+0530,26175,26186.1,26170.85,26174.65,0
2026-01-07T09:15:00+0530,26143.1,26166,26104.3,26120.35,0
2026-01-07T09:30:00+0530,26121.75,26150.95,26106.15,26108.2,0
2026-01-07T09:45:00+0530,26108.1,26139.05,26096.65,26138.8,0
2026-01-07T10:00:00+0530,26138.95,26168.2,26132.9,26167.25,0
2026-01-07T10:15:00+0530,26167.75,26187.15,26129.75,26134,0
2026-01-07T10:30:00+0530,26135.6,26145.25,26125.2,26141.9,0
2026-01-07T10:45:00+0530,26142.4,26175.7,26133.8,26163.35,0
2026-01-07T11:00:00+0530,26164.5,26184.75,26150.55,26151.6,0
2026-01-07T11:15:00+0530,26151.7,26156.8,26131.8,26142.4,0
2026-01-07T11:30:00+0530,26143.25,26166.45,26140.8,26143.2,0
2026-01-07T11:45:00+0530,26143.8,26144.35,26118.95,26120.65,0
2026-01-07T12:00:00+0530,26121.55,26123.3,26106.2,26112.1,0
2026-01-07T12:15:00+0530,26112.55,26115.55,26096.45,26098.05,0
2026-01-07T12:30:00+0530,26098.9,26110.3,26078.55,26083.25,0
2026-01-07T12:45:00+0530,26083.45,26099.45,26077,26098,0
2026-01-07T13:00:00+0530,26098.6,26114,26096.8,26102.9,0
2026-01-07T13:15:00+0530,26103.25,26104.85,26069.3,26073,0
2026-01-07T13:30:00+0530,26073.25,26084.95,26067.9,26076.1,0
2026-01-07T13:45:00+0530,26076.6,26093.4,26070.7,26092.5,0
2026-01-07T14:00:00+0530,26093.45,26106.15,26082.2,26098.85,0
2026-01-07T14:15:00+0530,26099.25,26099.55,26084,26096.2,0
2026-01-07T14:30:00+0530,26096.45,26111.45,26083.2,26109,0
2026-01-07T14:45:00+0530,26109.35,26121.3,26094.1,26117.35,0
2026-01-07T15:00:00+0530,26122.25,26152.95,26119.6,26151.8,0
2026-01-07T15:15:00+0530,26153.4,26153.6,26133.75,26142.9,0
2026-01-08T09:15:00+0530,26106.5,26133.2,26063.75,26064.5,0
2026-01-08T09:30:00+0530,26065,26103.35,26049.85,26090.7,0
2026-01-08T09:45:00+0530,26090.65,26099.1,26066.2,26091.7,0
2026-01-08T10:00:00+0530,26091.05,26091.65,26047.9,26061.15,0
2026-01-08T10:15:00+0530,26061.8,26062,26026.15,26039.95,0
2026-01-08T10:30:00+0530,26040.15,26042.55,26025,26031.6,0
2026-01-08T10:45:00+0530,26031.85,26035.75,26012.8,26016.9,0
2026-01-08T11:00:00+0530,26017.55,26017.75,26000.95,26003.8,0
2026-01-08T11:15:00+0530,26001.65,26008.2,25963.65,25975.6,0
2026-01-08T11:30:00+0530,25975.2,25988.6,25961.8,25974.15,0
2026-01-08T11:45:00+0530,25974.2,25978.5,25935.9,25938.3,0
2026-01-08T12:00:00+0530,25938.1,25943.2,25884.15,25933.75,0
2026-01-08T12:15:00+0530,25934,25945.4,25919.9,25935.8,0
2026-01-08T12:30:00+0530,25935.7,25938.15,25912.25,25924.45,0
2026-01-08T12:45:00+0530,25924.75,25926,25903.15,25911.7,0
2026-01-08T13:00:00+0530,25912.05,25928.5,25900.75,25926.1,0
2026-01-08T13:15:00+0530,25925.25,25928.2,25893.5,25893.5,0
2026-01-08T13:30:00+0530,25894.15,25911.2,25886.4,25907.6,0
2026-01-08T13:45:00+0530,25907.3,25939,25905.2,25929.35,0
2026-01-08T14:00:00+0530,25929,25942.2,25915.4,25926.95,0
2026-01-08T14:15:00+0530,25926.3,25946.2,25900.45,25905.45,0
2026-01-08T14:30:00+0530,25906.9,25940.95,25902.1,25928.2,0
2026-01-08T14:45:00+0530,25928.55,25940.2,25910.25,25911.15,0
2026-01-08T15:00:00+0530,25912.1,25917.7,25860.2,25878.05,0
2026-01-08T15:15:00+0530,25878.05,25882.15,25858.45,25868.9,0
2026-01-09T09:15:00+0530,25840.4,25940.6,25839.15,25840.9,0
2026-01-09T09:30:00+0530,25841.1,25876.7,25818.35,25876.7,0
2026-01-09T09:45:00+0530,25876.85,25897.65,25849.65,25894.05,0
2026-01-09T10:00:00+0530,25894.2,25901.95,25850.35,25856.6,0
2026-01-09T10:15:00+0530,25858,25896.85,25854.1,25887.85,0
2026-01-09T10:30:00+0530,25888.45,25890.75,25838.55,25856.45,0
2026-01-09T10:45:00+0530,25856.85,25868.4,25806.8,25821.65,0
2026-01-09T11:00:00+0530,25821.3,25824.3,25798.8,25798.8,0
2026-01-09T11:15:00+0530,25800.15,25807.55,25790.95,25804.5,0
2026-01-09T11:30:00+0530,25805.2,25821.65,25753.7,25755.35,0
2026-01-09T11:45:00+0530,25754.95,25761.7,25735.15,25743.25,0
2026-01-09T12:00:00+0530,25743.9,25761.75,25734.1,25739.35,0
2026-01-09T12:15:00+0530,25740.45,25756.65,25714.85,25716.75,0
2026-01-09T12:30:00+0530,25717,25729,25674.5,25689.15,0
2026-01-09T12:45:00+0530,25688.95,25699.45,25665.15,25689.7,0
2026-01-09T13:00:00+0530,25691.3,25698.3,25680.65,25691.05,0
2026-01-09T13:15:00+0530,25691.05,25716.35,25685.25,25709.15,0
2026-01-09T13:30:00+0530,25708.6,25730.4,25681.3,25683.8,0
2026-01-09T13:45:00+0530,25684.9,25691.95,25664.85,25683.85,0
2026-01-09T14:00:00+0530,25683.9,25692.95,25658.75,25660.15,0
2026-01-09T14:15:00+0530,25662.85,25675.85,25651.9,25651.9,0
2026-01-09T14:30:00+0530,25653.8,25670.65,25623,25657.3,0
2026-01-09T14:45:00+0530,25658.75,25684.35,25657.25,25674.7,0
2026-01-09T15:00:00+0530,25679.9,25703,25661.05,25695.05,0
2026-01-09T15:15:00+0530,25694.15,25703.7,25677.05,25703.7,0
2026-01-12T09:15:00+0530,25669.05,25700.95,25529.05,25532.45,0
2026-01-12T09:30:00+0530,25532.35,25597.1,25532.35,25557.6,0
2026-01-12T09:45:00+0530,25558.4,25608.55,25546,25557.55,0
2026-01-12T10:00:00+0530,25557.9,25596.25,25556.4,25556.9,0
2026-01-12T10:15:00+0530,25556.9,25598.2,25545.95,25583.15,0
2026-01-12T10:30:00+0530,25582.85,25593,25558.25,25563.15,0
2026-01-12T10:45:00+0530,25561.8,25582.65,25538.8,25547.35,0
2026-01-12T11:00:00+0530,25547.6,25551.5,25529.55,25532.85,0
2026-01-12T11:15:00+0530,25531.9,25532.95,25501.65,25502.4,0
2026-01-12T11:30:00+0530,25501.95,25502.5,25473.4,25480.6,0
2026-01-12T11:45:00+0530,25481.45,25502.85,25474.5,25501.55,0
2026-01-12T12:00:00+0530,25501.45,25578.9,25496.2,25578.3,0
2026-01-12T12:15:00+0530,25577.5,25678.9,25566.25,25660.8,0
2026-01-12T12:30:00+0530,25660.95,25737.25,25656.45,25723.05,0
2026-01-12T12:45:00+0530,25723.35,25738.4,25708.85,25709.05,0
2026-01-12T13:00:00+0530,25709.5,25726.55,25673.1,25722.3,0
2026-01-12T13:15:00+0530,25721.8,25728.25,25687.25,25689.05,0
2026-01-12T13:30:00+0530,25689.15,25757.9,25689.15,25730.45,0
2026-01-12T13:45:00+0530,25730.55,25748.5,25727.4,25741.7,0
2026-01-12T14:00:00+0530,25741.3,25743.65,25715.1,25728.45,0
2026-01-12T14:15:00+0530,25727.95,25770.9,25727,25755.7,0
2026-01-12T14:30:00+0530,25756,25763.7,25704.65,25760.8,0
2026-01-12T14:45:00+0530,25760.35,25813.15,25755.2,25810.45,0
2026-01-12T15:00:00+0530,25808.95,25808.95,25775.1,25778.5,0
2026-01-12T15:15:00+0530,25778.5,25807.95,25778.3,25806.1,0
2026-01-13T09:15:00+0530,25897.35,25899.8,25760.05,25762.85,0
2026-01-13T09:30:00+0530,25761.4,25778,25709.85,25730.2,0
2026-01-13T09:45:00+0530,25732.4,25789.75,25700.85,25709.85,0
2026-01-13T10:00:00+0530,25710.15,25771,25705.2,25738.1,0
2026-01-13T10:15:00+0530,25738.9,25803.6,25726.1,25799.45,0
2026-01-13T10:30:00+0530,25799.3,25827.05,25750.2,25767.7,0
2026-01-13T10:45:00+0530,25766.9,25799.6,25754.95,25778.9,0
2026-01-13T11:00:00+0530,25779.75,25799.55,25759.65,25788.6,0
2026-01-13T11:15:00+0530,25788,25803.95,25775.7,25795.9,0
2026-01-13T11:30:00+0530,25794.3,25819.3,25786.75,25789.7,0
2026-01-13T11:45:00+0530,25788.45,25790.4,25752.15,25754.2,0
2026-01-13T12:00:00+0530,25753.65,25754,25712.95,25713.7,0
2026-01-13T12:15:00+0530,25712.8,25732.85,25703.85,25732.6,0
2026-01-13T12:30:00+0530,25731.4,25734.4,25687.95,25704.05,0
2026-01-13T12:45:00+0530,25704.25,25707.6,25650.85,25653,0
2026-01-13T13:00:00+0530,25651.45,25670.3,25627.4,25658.45,0
2026-01-13T13:15:00+0530,25658.2,25676.8,25639.6,25654.35,0
2026-01-13T13:30:00+0530,25655.1,25681.2,25647.65,25676.15,0
2026-01-13T13:45:00+0530,25675.25,25686.65,25658.95,25663.65,0
2026-01-13T14:00:00+0530,25662.95,25667.5,25620.95,25636.55,0
2026-01-13T14:15:00+0530,25636.25,25649.05,25609.65,25612.6,0
2026-01-13T14:30:00+0530,25611.65,25702.3,25603.3,25692.65,0
2026-01-13T14:45:00+0530,25692.9,25726.05,25687.8,25707.95,0
2026-01-13T15:00:00+0530,25711.85,25757.15,25702.05,25737.4,0
2026-01-13T15:15:00+0530,25738.85,25749.65,25710.45,25714.2,0
2026-01-14T09:15:00+0530,25648.55,25744.8,25638.35,25737.5,0
2026-01-14T09:30:00+0530,25737.7,25750.45,25703.15,25706.65,0
2026-01-14T09:45:00+0530,25704.9,25761.5,25674.4,25729.9,0
2026-01-14T10:00:00+0530,25729.6,25733.8,25692.65,25696.8,0
2026-01-14T10:15:00+0530,25697.9,25703.75,25661.35,25688.9,0
2026-01-14T10:30:00+0530,25689.9,25718.9,25662.25,25675,0
2026-01-14T10:45:00+0530,25674.95,25729,25662,25728.8,0
2026-01-14T11:00:00+0530,25729.3,25737.9,25710.75,25726.25,0
2026-01-14T11:15:00+0530,25723.7,25774.4,25720.3,25770.4,0
2026-01-14T11:30:00+0530,25770.7,25777.35,25748.5,25761.15,0
2026-01-14T11:45:00+0530,25760.95,25786.05,25759.4,25775.65,0
2026-01-14T12:00:00+0530,25776.45,25791.75,25742.2,25743.35,0
2026-01-14T12:15:00+0530,25743.7,25774.9,25734.5,25755.85,0
2026-01-14T12:30:00+0530,25756.1,25780.9,25751.85,25753.45,0
2026-01-14T12:45:00+0530,25753.5,25769.45,25741.15,25749.2,0
2026-01-14T13:00:00+0530,25749.1,25761.5,25736.05,25747.15,0
2026-01-14T13:15:00+0530,25746.75,25757.3,25705.6,25715.5,0
2026-01-14T13:30:00+0530,25715.85,25718.55,25658.8,25659.35,0
2026-01-14T13:45:00+0530,25659.85,25670.85,25631.2,25635.95,0
2026-01-14T14:00:00+0530,25636.05,25664.1,25632.2,25663.2,0
2026-01-14T14:15:00+0530,25663.25,25669.75,25603.95,25624.3,0
2026-01-14T14:30:00+0530,25624.4,25680.3,25618.35,25676.65,0
2026-01-14T14:45:00+0530,25676.4,25715.65,25675.65,25678.2,0
2026-01-14T15:00:00+0530,25681.25,25694.1,25649.4,25652.85,0
2026-01-14T15:15:00+0530,25652.85,25677.4,25648.3,25669.1,0
2026-01-16T09:15:00+0530,25696.05,25743.25,25678.4,25725.55,0
2026-01-16T09:30:00+0530,25725.75,25727.5,25683.8,25725.75,0
2026-01-16T09:45:00+0530,25726.2,25755.85,25715.2,25739.25,0
2026-01-16T10:00:00+0530,25738.2,25789.5,25736.8,25784.95,0
2026-01-16T10:15:00+0530,25784.2,25865.65,25783.9,25857.5,0
2026-01-16T10:30:00+0530,25857,25873.5,25839.75,25844.55,0
2026-01-16T10:45:00+0530,25844.8,25863.9,25827,25829.7,0
2026-01-16T11:00:00+0530,25829.3,25841.8,25801.85,25812.5,0
2026-01-16T11:15:00+0530,25812.4,25823.4,25800.95,25813.15,0
2026-01-16T11:30:00+0530,25814.75,25830.65,25797.15,25798.45,0
2026-01-16T11:45:00+0530,25798.65,25799.45,25770.25,25775.65,0
2026-01-16T12:00:00+0530,25775.9,25826.6,25773.45,25824.65,0
2026-01-16T12:15:00+0530,25823.95,25829.2,25744.9,25752.05,0
2026-01-16T12:30:00+0530,25752.1,25774.6,25737.8,25759.55,0
2026-01-16T12:45:00+0530,25759.5,25767.85,25738.1,25745.65,0
2026-01-16T13:00:00+0530,25744.55,25746.35,25704.1,25717.05,0
2026-01-16T13:15:00+0530,25717.75,25723.1,25662.4,25701.65,0
2026-01-16T13:30:00+0530,25701.75,25719.75,25683.8,25696.35,0
2026-01-16T13:45:00+0530,25697.15,25717.1,25676.5,25683.7,0
2026-01-16T14:00:00+0530,25684.2,25697.55,25667.4,25688.05,0
2026-01-16T14:15:00+0530,25687.65,25710.5,25671.7,25697.8,0
2026-01-16T14:30:00+0530,25697.85,25720.45,25680.7,25710.2,0
2026-01-16T14:45:00+0530,25711.05,25716.15,25687.5,25706.35,0
2026-01-16T15:00:00+0530,25701.9,25709.05,25682.45,25682.45,0
2026-01-16T15:15:00+0530,25682.85,25710.75,25681.6,25701.9,0
2026-01-19T09:15:00+0530,25653.1,25653.3,25528.3,25554.75,0
2026-01-19T09:30:00+0530,25556.35,25596.3,25532.35,25565.6,0
2026-01-19T09:45:00+0530,25564.75,25585,25540.15,25543.45,0
2026-01-19T10:00:00+0530,25541.8,25542.25,25504.85,25527.9,0
2026-01-19T10:15:00+0530,25526.55,25547.6,25496.25,25507.25,0
2026-01-19T10:30:00+0530,25506.4,25527.95,25494.35,25513.55,0
2026-01-19T10:45:00+0530,25513.85,25549.45,25511.9,25548.1,0
2026-01-19T11:00:00+0530,25546.85,25564.2,25526.5,25538.4,0
2026-01-19T11:15:00+0530,25538.15,25538.4,25508.7,25521.9,0
2026-01-19T11:30:00+0530,25521.8,25547,25511.85,25545.9,0
2026-01-19T11:45:00+0530,25546.05,25549.9,25524.85,25534.45,0
2026-01-19T12:00:00+0530,25535.15,25535.25,25512.75,25532.65,0
2026-01-19T12:15:00+0530,25532.4,25556.25,25518.35,25528.65,0
2026-01-19T12:30:00+0530,25528.1,25531.4,25511.45,25527,0
2026-01-19T12:45:00+0530,25526.95,25555.3,25510.65,25553.25,0
2026-01-19T13:00:00+0530,25553.05,25565.25,25522.65,25534.65,0
2026-01-19T13:15:00+0530,25533.4,25547.35,25522.35,25529.95,0
2026-01-19T13:30:00+0530,25529.45,25564.8,25529.45,25549.9,0
2026-01-19T13:45:00+0530,25548.25,25611.7,25540.8,25598.75,0
2026-01-19T14:00:00+0530,25597.85,25630.65,25587,25590.3,0
2026-01-19T14:15:00+0530,25589.65,25615.35,25586.5,25592.3,0
2026-01-19T14:30:00+0530,25591.95,25621.7,25591.75,25614.9,0
2026-01-19T14:45:00+0530,25614.65,25636.3,25613.25,25628.95,0
2026-01-19T15:00:00+0530,25629.3,25633.7,25585.7,25591.15,0
2026-01-19T15:15:00+0530,25592.25,25594.1,25545.4,25555.5,0
2026-01-20T09:15:00+0530,25580.3,25585,25484.1,25488.35,0
2026-01-20T09:30:00+0530,25488.75,25517.75,25453.85,25467.5,0
2026-01-20T09:45:00+0530,25468.95,25478.05,25432.6,25457.75,0
2026-01-20T10:00:00+0530,25458.7,25489.5,25452.7,25468.7,0
2026-01-20T10:15:00+0530,25471.65,25500.45,25457.35,25482.6,0
2026-01-20T10:30:00+0530,25483.4,25504,25471.7,25482.45,0
2026-01-20T10:45:00+0530,25483.45,25491.85,25456.7,25466.2,0
2026-01-20T11:00:00+0530,25466.95,25466.95,25446.25,25449.6,0
2026-01-20T11:15:00+0530,25450.6,25472.1,25443.85,25464.05,0
2026-01-20T11:30:00+0530,25464,25472.9,25452.55,25469.7,0
2026-01-20T11:45:00+0530,25470.95,25492.5,25461.7,25474.4,0
2026-01-20T12:00:00+0530,25475.8,25476.4,25427.25,25437.35,0
2026-01-20T12:15:00+0530,25439.05,25444.45,25420.55,25432.95,0
2026-01-20T12:30:00+0530,25433.95,25435.3,25409,25409.75,0
2026-01-20T12:45:00+0530,25411.95,25436.9,25405.1,25431.8,0
2026-01-20T13:00:00+0530,25432.55,25433.7,25414.25,25415.95,0
2026-01-20T13:15:00+0530,25416.3,25436.15,25410.55,25416.75,0
2026-01-20T13:30:00+0530,25418.05,25419.25,25361.45,25372.45,0
2026-01-20T13:45:00+0530,25372.75,25378.65,25360.25,25369.65,0
2026-01-20T14:00:00+0530,25371.75,25389.2,25347.55,25360.75,0
2026-01-20T14:15:00+0530,25361.45,25392.35,25352.95,25389.45,0
2026-01-20T14:30:00+0530,25390.4,25394.1,25332.95,25344.15,0
2026-01-20T14:45:00+0530,25344.65,25355.25,25311.45,25311.45,0
2026-01-20T15:00:00+0530,25310.3,25311,25213.85,25217.55,0
2026-01-20T15:15:00+0530,25217.05,25239.3,25171.35,25225.35,0
2026-01-21T09:15:00+0530,25141,25277.75,25130.15,25199.95,0
2026-01-21T09:30:00+0530,25201.95,25251.3,25187.9,25199.45,0
2026-01-21T09:45:00+0530,25199.65,25212.3,25158.1,25158.7,0
2026-01-21T10:00:00+0530,25158.95,25178.95,25137.95,25153.25,0
2026-01-21T10:15:00+0530,25153.8,25159.1,25092.2,25096.4,0
2026-01-21T10:30:00+0530,25096.75,25102.5,25026.2,25029,0
2026-01-21T10:45:00+0530,25029.1,25030.8,24919.8,24993.6,0
2026-01-21T11:00:00+0530,24991.8,25070.1,24975,25054.75,0
2026-01-21T11:15:00+0530,25055.4,25077.2,25026.6,25029.15,0
2026-01-21T11:30:00+0530,25028,25071.2,25024.45,25040.05,0
2026-01-21T11:45:00+0530,25041,25080.25,25040.9,25069.85,0
2026-01-21T12:00:00+0530,25069.1,25136.15,25063.85,25136.15,0
2026-01-21T12:15:00+0530,25135.15,25187.9,25118.5,25133.2,0
2026-01-21T12:30:00+0530,25133.9,25245.85,25132,25226.7,0
2026-01-21T12:45:00+0530,25225.9,25294.4,25225.1,25279.4,0
2026-01-21T13:00:00+0530,25279.1,25300.95,25221.5,25237.45,0
2026-01-21T13:15:00+0530,25237.6,25242.4,25196.05,25210.4,0
2026-01-21T13:30:00+0530,25210.75,25238.25,25173.35,25195.7,0
2026-01-21T13:45:00+0530,25195.15,25208.9,25148.45,25153.25,0
2026-01-21T14:00:00+0530,25151.1,25160.3,25132.85,25136.7,0
2026-01-21T14:15:00+0530,25137.45,25202.05,25120,25120.85,0
2026-01-21T14:30:00+0530,25120.25,25166.4,25119.85,25150.1,0
2026-01-21T14:45:00+0530,25149,25164.05,25137.65,25143.15,0
2026-01-21T15:00:00+0530,25143.75,25182.5,25135.35,25155,0
2026-01-21T15:15:00+0530,25155.2,25171.7,25140.55,25168.1,0
2026-01-22T09:15:00+0530,25344.15,25395.75,25302.45,25386.65,0
2026-01-22T09:30:00+0530,25385.2,25425.7,25385.2,25395.95,0
2026-01-22T09:45:00+0530,25395.05,25435.75,25379.2,25394.55,0
2026-01-22T10:00:00+0530,25395.3,25411.65,25363.3,25376,0
2026-01-22T10:15:00+0530,25376.5,25388.55,25290.2,25291.9,0
2026-01-22T10:30:00+0530,25292.9,25332.5,25245.25,25295.35,0
2026-01-22T10:45:00+0530,25294.85,25298.45,25221.7,25221.7,0
2026-01-22T11:00:00+0530,25221.95,25248.95,25201.9,25215.75,0
2026-01-22T11:15:00+0530,25215.95,25280.55,25211.25,25247.25,0
2026-01-22T11:30:00+0530,25246.85,25259.15,25197.8,25206.85,0
2026-01-22T11:45:00+0530,25205.9,25226.4,25177.85,25188.2,0
2026-01-22T12:00:00+0530,25188.8,25241.5,25183.3,25237.1,0
2026-01-22T12:15:00+0530,25237.15,25277.5,25216.05,25255.25,0
2026-01-22T12:30:00+0530,25254.6,25271.3,25210.45,25244.95,0
2026-01-22T12:45:00+0530,25244.75,25262.5,25205.9,25209.9,0
2026-01-22T13:00:00+0530,25208.65,25222.05,25190.45,25191.95,0
2026-01-22T13:15:00+0530,25192.05,25208.3,25171.25,25179.05,0
2026-01-22T13:30:00+0530,25177.85,25227.55,25169.4,25204.55,0
2026-01-22T13:45:00+0530,25204.05,25241.1,25187.05,25229.15,0
2026-01-22T14:00:00+0530,25228.35,25245,25176.95,25178.35,0
2026-01-22T14:15:00+0530,25178.8,25236.7,25168.5,25234.85,0
2026-01-22T14:30:00+0530,25234.2,25295.9,25233.35,25284.45,0
2026-01-22T14:45:00+0530,25284.1,25318.2,25278.5,25297,0
2026-01-22T15:00:00+0530,25295.5,25302,25238.8,25288.55,0
2026-01-22T15:15:00+0530,25288.45,25332.35,25287.6,25320.45,0
2026-01-23T09:15:00+0530,25344.6,25347.95,25249.1,25344.6,0
2026-01-23T09:30:00+0530,25344.2,25345.35,25283.95,25285.7,0
2026-01-23T09:45:00+0530,25287.6,25312.55,25267.7,25290.95,0
2026-01-23T10:00:00+0530,25292.3,25308.65,25263.5,25281.7,0
2026-01-23T10:15:00+0530,25280.55,25295.9,25251.55,25291.45,0
2026-01-23T10:30:00+0530,25291.7,25320.8,25286.45,25293.35,0
2026-01-23T10:45:00+0530,25293.25,25300.4,25269.7,25277.55,0
2026-01-23T11:00:00+0530,25277.65,25293.6,25261.05,25284.9,0
2026-01-23T11:15:00+0530,25285.3,25289.9,25254.8,25275.3,0
2026-01-23T11:30:00+0530,25275.85,25279.35,25209.6,25211.6,0
2026-01-23T11:45:00+0530,25211.45,25224.65,25190.95,25215.2,0
2026-01-23T12:00:00+0530,25214.75,25223.3,25183.65,25185.2,0
2026-01-23T12:15:00+0530,25185.95,25222.95,25185.95,25205.65,0
2026-01-23T12:30:00+0530,25205.3,25236.6,25199.45,25223.05,0
2026-01-23T12:45:00+0530,25223.3,25243.8,25200.9,25202.95,0
2026-01-23T13:00:00+0530,25203.95,25213.3,25180.25,25196.4,0
2026-01-23T13:15:00+0530,25196.65,25197.35,25120.8,25124.6,0
2026-01-23T13:30:00+0530,25125.6,25125.8,25047.75,25049.55,0
2026-01-23T13:45:00+0530,25049.25,25070.5,25043.85,25049.95,0
2026-01-23T14:00:00+0530,25049.8,25078.05,25046.8,25063.4,0
2026-01-23T14:15:00+0530,25064.05,25095.15,25041,25069.35,0
2026-01-23T14:30:00+0530,25069.95,25107.8,25063.7,25083.65,0
2026-01-23T14:45:00+0530,25089.15,25106.15,25057.3,25090.65,0
2026-01-23T15:00:00+0530,25093.9,25096,25028.25,25045.85,0
2026-01-23T15:15:00+0530,25046.5,25074.5,25025.3,25064.75,0
2026-01-27T09:15:00+0530,25063.35,25126.3,24932.55,24958.55,0
2026-01-27T09:30:00+0530,24958.4,25147.6,24940.2,25147.6,0
2026-01-27T09:45:00+0530,25148.8,25161.85,25100.95,25108.9,0
2026-01-27T10:00:00+0530,25111,25152.35,25083.35,25128.45,0
2026-01-27T10:15:00+0530,25129.35,25184.95,25117.3,25117.7,0
2026-01-27T10:30:00+0530,25117.7,25133.4,25019.7,25030,0
2026-01-27T10:45:00+0530,25028.85,25044.75,24979.05,24983.25,0
2026-01-27T11:00:00+0530,24983.85,25039.8,24980,25029.4,0
2026-01-27T11:15:00+0530,25029.05,25066.65,25022.1,25057.7,0
2026-01-27T11:30:00+0530,25057.75,25157.85,25052.55,25154.65,0
2026-01-27T11:45:00+0530,25154.15,25162.05,25083.6,25103.65,0
2026-01-27T12:00:00+0530,25104,25137.65,25092.65,25120.35,0
2026-01-27T12:15:00+0530,25121.55,25138.2,25091.2,25102.1,0
2026-01-27T12:30:00+0530,25102.25,25109.25,25070.55,25079.55,0
2026-01-27T12:45:00+0530,25081.2,25100.4,25056.5,25088.95,0
2026-01-27T13:00:00+0530,25088.95,25094.4,25065.15,25088.95,0
2026-01-27T13:15:00+0530,25089.1,25123.7,25081.2,25120.9,0
2026-01-27T13:30:00+0530,25122.7,25132.25,25018,25045.25,0
2026-01-27T13:45:00+0530,25046.15,25065.9,25036.95,25049.35,0
2026-01-27T14:00:00+0530,25050.85,25059.4,24998.25,25034.55,0
2026-01-27T14:15:00+0530,25034.9,25039.5,25007.85,25032.65,0
2026-01-27T14:30:00+0530,25032.7,25108.65,25024.45,25087.6,0
2026-01-27T14:45:00+0530,25088.9,25155.3,25088.3,25139.45,0
2026-01-27T15:00:00+0530,25141.2,25175.35,25100.75,25170.4,0
2026-01-27T15:15:00+0530,25169.25,25246.65,25168.05,25234.1,0
2026-01-28T09:15:00+0530,25258.85,25372.1,25225.7,25352.75,0
2026-01-28T09:30:00+0530,25352.1,25363.9,25286.5,25293,0
2026-01-28T09:45:00+0530,25292.95,25304.65,25272.7,25303.7,0
2026-01-28T10:00:00+0530,25304.7,25316.4,25232.7,25248.1,0
2026-01-28T10:15:00+0530,25248.3,25281.6,25235.6,25246.5,0
2026-01-28T10:30:00+0530,25246.85,25302.2,25234.05,25281.7,0
2026-01-28T10:45:00+0530,25282.2,25307.35,25267.35,25298.75,0
2026-01-28T11:00:00+0530,25299.85,25330.6,25288.85,25325.6,0
2026-01-28T11:15:00+0530,25325.35,25351.05,25313.3,25336.95,0
2026-01-28T11:30:00+0530,25337.4,25343.95,25292.3,25292.5,0
2026-01-28T11:45:00+0530,25292.8,25322.45,25290.65,25321.8,0
2026-01-28T12:00:00+0530,25320.85,25339.5,25306.95,25313.8,0
2026-01-28T12:15:00+0530,25313.8,25318.05,25269,25271.8,0
2026-01-28T12:30:00+0530,25272,25286.2,25258.95,25275.35,0
2026-01-28T12:45:00+0530,25275.6,25281.05,25257.05,25258.1,0
2026-01-28T13:00:00+0530,25258.1,25279.7,25252.05,25276.25,0
2026-01-28T13:15:00+0530,25276.6,25291.3,25213.55,25238.65,0
2026-01-28T13:30:00+0530,25238.35,25251.5,25207,25208.35,0
2026-01-28T13:45:00+0530,25207.35,25234.2,25187.65,25231.3,0
2026-01-28T14:00:00+0530,25232.25,25242.8,25205.15,25209.05,0
2026-01-28T14:15:00+0530,25208.65,25239.6,25201.1,25235.15,0
2026-01-28T14:30:00+0530,25235.15,25253.2,25218.95,25251.55,0
2026-01-28T14:45:00+0530,25252.05,25329.05,25251.2,25320.7,0
2026-01-28T15:00:00+0530,25320.8,25344.5,25320.8,25329.65,0
2026-01-28T15:15:00+0530,25329.65,25358.4,25329.65,25348.05,0
2026-01-29T09:15:00+0530,25345,25359.35,25248.55,25272.6,0
2026-01-29T09:30:00+0530,25270.7,25282.25,25207.8,25210.7,0
2026-01-29T09:45:00+0530,25209,25238.35,25159.8,25184.85,0
2026-01-29T10:00:00+0530,25185.3,25214.35,25167.05,25211.65,0
2026-01-29T10:15:00+0530,25210.35,25228.85,25167.65,25194.3,0
2026-01-29T10:30:00+0530,25194.3,25221.65,25175.65,25190,0
2026-01-29T10:45:00+0530,25191.05,25240.55,25183.55,25234,0
2026-01-29T11:00:00+0530,25234.6,25258.95,25230.1,25257.8,0
2026-01-29T11:15:00+0530,25257.95,25296.9,25257.2,25278.4,0
2026-01-29T11:30:00+0530,25277.4,25295.2,25249,25269.45,0
2026-01-29T11:45:00+0530,25270.2,25274.9,25240,25258.8,0
2026-01-29T12:00:00+0530,25259.1,25287.95,25255.65,25280.75,0
2026-01-29T12:15:00+0530,25280.4,25290.15,25262.05,25284.95,0
2026-01-29T12:30:00+0530,25285.85,25309.05,25281.25,25282.5,0
2026-01-29T12:45:00+0530,25282.3,25340.85,25276.45,25321.8,0
2026-01-29T13:00:00+0530,25322.25,25368.15,25321,25353.65,0
2026-01-29T13:15:00+0530,25353.45,25356.4,25328.3,25336.75,0
2026-01-29T13:30:00+0530,25337.15,25404.1,25333.45,25402.5,0
2026-01-29T13:45:00+0530,25403.45,25431.9,25400.05,25431.9,0
2026-01-29T14:00:00+0530,25430.05,25437.3,25383.65,25412.9,0
2026-01-29T14:15:00+0530,25413.3,25431,25398.65,25430.95,0
2026-01-29T14:30:00+0530,25431.15,25454.7,25430.65,25440.25,0
2026-01-29T14:45:00+0530,25439.7,25458.15,25429.95,25434.8,0
2026-01-29T15:00:00+0530,25436.95,25445.9,25407.6,25407.6,0
2026-01-29T15:15:00+0530,25407.65,25431.65,25405.1,25422.1,0
2026-01-30T09:15:00+0530,25247.55,25285.95,25224.35,25242,0
2026-01-30T09:30:00+0530,25242.5,25308.8,25218.95,25292.25,0
2026-01-30T09:45:00+0530,25291.75,25323.15,25274.35,25283.4,0
2026-01-30T10:00:00+0530,25283.95,25315.95,25266.45,25314.3,0
2026-01-30T10:15:00+0530,25315.8,25319.65,25268.95,25279.6,0
2026-01-30T10:30:00+0530,25279.95,25311.6,25273.45,25302.1,0
2026-01-30T10:45:00+0530,25301.05,25312.65,25284.3,25302.05,0
2026-01-30T11:00:00+0530,25302.4,25309.2,25247.1,25255.45,0
2026-01-30T11:15:00+0530,25255.35,25282.85,25244,25258.95,0
2026-01-30T11:30:00+0530,25257.55,25280.35,25232,25272.45,0
2026-01-30T11:45:00+0530,25271.85,25294,25256.3,25261.4,0
2026-01-30T12:00:00+0530,25262,25294.85,25248.85,25294.7,0
2026-01-30T12:15:00+0530,25293.65,25316.6,25270.6,25294.05,0
2026-01-30T12:30:00+0530,25293.8,25309.85,25281.45,25293.55,0
2026-01-30T12:45:00+0530,25293.7,25303.3,25285.2,25302.65,0
2026-01-30T13:00:00+0530,25303.75,25306.15,25238.5,25247.05,0
2026-01-30T13:15:00+0530,25247.4,25247.5,25213.65,25230.5,0
2026-01-30T13:30:00+0530,25230.5,25306.5,25229.55,25301.2,0
2026-01-30T13:45:00+0530,25302.05,25344.9,25284.9,25342.65,0
2026-01-30T14:00:00+0530,25343.8,25370.7,25331.7,25352.45,0
2026-01-30T14:15:00+0530,25353.5,25356.45,25326.35,25336.1,0
2026-01-30T14:30:00+0530,25335.45,25350.3,25303.95,25311.6,0
2026-01-30T14:45:00+0530,25310.15,25368.8,25302.2,25352.45,0
2026-01-30T15:00:00+0530,25352.45,25354.2,25293.3,25319.7,0
2026-01-30T15:15:00+0530,25321,25343.9,25309.6,25315.8,0
2026-02-01T09:15:00+0530,25333.75,25342.55,25252.3,25320.4,0
2026-02-01T09:30:00+0530,25319.85,25335.1,25296.7,25333.35,0
2026-02-01T09:45:00+0530,25332.6,25346.85,25264.85,25321.5,0
2026-02-01T10:00:00+0530,25321.95,25352.25,25316.2,25352.25,0
2026-02-01T10:15:00+0530,25350.9,25376.4,25338.6,25368.25,0
2026-02-01T10:30:00+0530,25369.3,25387.55,25354.85,25371.3,0
2026-02-01T10:45:00+0530,25370.7,25385.8,25359.7,25383,0
2026-02-01T11:00:00+0530,25383.75,25440.9,25348.9,25411,0
2026-02-01T11:15:00+0530,25410.1,25412.35,25356.25,25386.4,0
2026-02-01T11:30:00+0530,25385.9,25402.15,25302,25311.55,0
2026-02-01T11:45:00+0530,25311.45,25328.9,25268,25279.85,0
2026-02-01T12:00:00+0530,25279.6,25385.95,25203.4,25223.55,0
2026-02-01T12:15:00+0530,25226.75,25244.8,24906.25,24906.25,0
2026-02-01T12:30:00+0530,24903.1,25058.7,24571.75,25013.15,0
2026-02-01T12:45:00+0530,25005.4,25096.5,24949.15,25075.9,0
2026-02-01T13:00:00+0530,25074.15,25141.9,25055.75,25119.95,0
2026-02-01T13:15:00+0530,25121.15,25148.95,25066.9,25066.9,0
2026-02-01T13:30:00+0530,25065.6,25101.7,25031.1,25077.1,0
2026-02-01T13:45:00+0530,25078,25095.3,24985.3,25048.95,0
2026-02-01T14:00:00+0530,25047.1,25063.85,24983.55,25011.75,0
2026-02-01T14:15:00+0530,25012.3,25053.8,24991.3,25039.1,0
2026-02-01T14:30:00+0530,25038.45,25091.55,25026.9,25035.05,0
2026-02-01T14:45:00+0530,25033.7,25052,24912.45,24923.85,0
2026-02-01T15:00:00+0530,24923.9,24954.25,24847.45,24850.15,0
2026-02-01T15:15:00+0530,24850.15,24850.55,24721,24768,0
2026-02-02T09:15:00+0530,24796.5,24884.7,24726.85,24851.35,0
2026-02-02T09:30:00+0530,24853.1,24918.55,24843.85,24867.1,0
2026-02-02T09:45:00+0530,24866.55,24942.95,24850.45,24863.3,0
2026-02-02T10:00:00+0530,24862.9,24865.9,24795.7,24826.15,0
2026-02-02T10:15:00+0530,24825.5,24850.6,24799.9,24826,0
2026-02-02T10:30:00+0530,24826.5,24873.65,24825.65,24846.9,0
2026-02-02T10:45:00+0530,24846.5,24864.35,24769.15,24773,0
2026-02-02T11:00:00+0530,24770.25,24772.05,24702,24728.45,0
2026-02-02T11:15:00+0530,24727,24733.9,24679.4,24724.3,0
2026-02-02T11:30:00+0530,24723,24869.7,24722.05,24868.4,0
2026-02-02T11:45:00+0530,24868.9,24879.95,24850.5,24874.05,0
2026-02-02T12:00:00+0530,24874.6,24914.05,24852.7,24910.45,0
2026-02-02T12:15:00+0530,24910.45,24927.3,24879.45,24896.95,0
2026-02-02T12:30:00+0530,24896.8,24897.65,24861.95,24870.85,0
2026-02-02T12:45:00+0530,24870.5,24944.5,24865.05,24938.55,0
2026-02-02T13:00:00+0530,24938.85,24963.3,24930.3,24935.2,0
2026-02-02T13:15:00+0530,24936.2,24942.95,24851.35,24895.85,0
2026-02-02T13:30:00+0530,24896.25,24972.3,24870.8,24964.2,0
2026-02-02T13:45:00+0530,24963.5,24984.45,24941.7,24948.6,0
2026-02-02T14:00:00+0530,24949.05,24958.75,24913.85,24943.2,0
2026-02-02T14:15:00+0530,24942.45,24974.4,24921.65,24972.15,0
2026-02-02T14:30:00+0530,24971.2,24983.4,24931.2,24955.4,0
2026-02-02T14:45:00+0530,24954.85,25035.05,24952.85,25033.3,0
2026-02-02T15:00:00+0530,25035.35,25093.3,25035.35,25086.45,0
2026-02-02T15:15:00+0530,25085.85,25108.1,25069.5,25079.9,0
2026-02-03T09:15:00+0530,26308.05,26341.2,25763.9,25786.25,0
2026-02-03T09:30:00+0530,25785.3,25795.25,25720.15,25727.3,0
2026-02-03T09:45:00+0530,25726.3,25793.1,25675.15,25702.6,0
2026-02-03T10:00:00+0530,25703.55,25729.15,25641.3,25671,0
2026-02-03T10:15:00+0530,25672.35,25794.7,25672.35,25771.15,0
2026-02-03T10:30:00+0530,25771.55,25821.65,25763.7,25798.3,0
2026-02-03T10:45:00+0530,25798.3,25804.4,25746.7,25780.1,0
2026-02-03T11:00:00+0530,25780.7,25810.5,25765.5,25784.2,0
2026-02-03T11:15:00+0530,25785.15,25824.05,25773.9,25815.75,0
2026-02-03T11:30:00+0530,25815.9,25863.15,25805.75,25851.55,0
2026-02-03T11:45:00+0530,25851.2,25855.9,25826.15,25847.85,0
2026-02-03T12:00:00+0530,25849.2,25851.85,25813.15,25836.55,0
2026-02-03T12:15:00+0530,25837.35,25838.6,25780.85,25786.55,0
2026-02-03T12:30:00+0530,25786.25,25812.1,25767.55,25796.05,0
2026-02-03T12:45:00+0530,25796.45,25805.5,25780.1,25795.6,0
2026-02-03T13:00:00+0530,25795.45,25811.5,25786.4,25790.3,0
2026-02-03T13:15:00+0530,25791.3,25800.45,25744,25771.05,0
2026-02-03T13:30:00+0530,25771.7,25811.45,25729.4,25800.8,0
2026-02-03T13:45:00+0530,25802.05,25811.85,25770.15,25770.35,0
2026-02-03T14:00:00+0530,25770.85,25786.7,25755.6,25775.15,0
2026-02-03T14:15:00+0530,25774.4,25781.55,25763,25768.9,0
2026-02-03T14:30:00+0530,25769.05,25788.1,25740.3,25746.6,0
2026-02-03T14:45:00+0530,25746.2,25790.35,25740.2,25778.05,0
2026-02-03T15:00:00+0530,25778.75,25780.45,25696.85,25717.85,0
2026-02-03T15:15:00+0530,25721.9,25749.45,25706.05,25714.8,0
2026-02-04T09:15:00+0530,25675.05,25788.3,25563.95,25752.65,0
2026-02-04T09:30:00+0530,25753.7,25791.2,25728.2,25791.2,0
2026-02-04T09:45:00+0530,25788.05,25795.25,25748.1,25781.5,0
2026-02-04T10:00:00+0530,25779.55,25801.8,25771.3,25782.3,0
2026-02-04T10:15:00+0530,25782.55,25787.05,25735.95,25743.3,0
2026-02-04T10:30:00+0530,25744.15,25750.35,25709.55,25740.35,0
2026-02-04T10:45:00+0530,25739,25756.9,25729.6,25746.2,0
2026-02-04T11:00:00+0530,25745.9,25760.15,25714.15,25723.95,0
2026-02-04T11:15:00+0530,25724,25726.8,25685.95,25699.35,0
2026-02-04T11:30:00+0530,25698.15,25723.9,25691.25,25717.35,0
2026-02-04T11:45:00+0530,25717.05,25729.55,25695.65,25727.45,0
2026-02-04T12:00:00+0530,25726.9,25742.55,25711.25,25742.55,0
2026-02-04T12:15:00+0530,25741.7,25756.3,25723.6,25748,0
2026-02-04T12:30:00+0530,25746.85,25762.95,25727.2,25738.7,0
2026-02-04T12:45:00+0530,25738.6,25738.9,25701.25,25705.15,0
2026-02-04T13:00:00+0530,25704.55,25740.95,25702.65,25736.75,0
2026-02-04T13:15:00+0530,25735.9,25759.25,25727.85,25757.25,0
2026-02-04T13:30:00+0530,25757.95,25772.7,25757.05,25771.35,0
2026-02-04T13:45:00+0530,25770.2,25788.25,25761.55,25775.1,0
2026-02-04T14:00:00+0530,25774.95,25791.7,25755.25,25790.9,0
2026-02-04T14:15:00+0530,25789.95,25818.55,25788.35,25798.2,0
2026-02-04T14:30:00+0530,25797.75,25815.7,25793.15,25809.35,0
2026-02-04T14:45:00+0530,25809.7,25812.65,25779.85,25782.65,0
2026-02-04T15:00:00+0530,25784.8,25812.4,25780.2,25783.1,0
2026-02-04T15:15:00+0530,25783.75,25790.25,25737.5,25737.5,0
2026-02-05T09:15:00+0530,25755.9,25757.65,25666.15,25690.65,0
2026-02-05T09:30:00+0530,25690.7,25729.55,25633.85,25633.85,0
2026-02-05T09:45:00+0530,25635.15,25647.05,25612.9,25637.65,0
2026-02-05T10:00:00+0530,25637.35,25676.7,25622.55,25672.75,0
2026-02-05T10:15:00+0530,25672.5,25700.45,25657.3,25669.55,0
2026-02-05T10:30:00+0530,25668.9,25670.85,25623.55,25642.65,0
2026-02-05T10:45:00+0530,25642.8,25651.15,25616,25624,0
2026-02-05T11:00:00+0530,25624.35,25678.25,25611.6,25673.55,0
2026-02-05T11:15:00+0530,25673.65,25676.9,25639.4,25653.05,0
2026-02-05T11:30:00+0530,25652.55,25680.2,25641.75,25666.3,0
2026-02-05T11:45:00+0530,25666.35,25668.3,25629.65,25651.9,0
2026-02-05T12:00:00+0530,25651.35,25657.7,25627.1,25629.8,0
2026-02-05T12:15:00+0530,25629.7,25630.5,25611.1,25621.55,0
2026-02-05T12:30:00+0530,25620.9,25634.95,25603.75,25617.45,0
2026-02-05T12:45:00+0530,25617.2,25646.55,25606.75,25640.8,0
2026-02-05T13:00:00+0530,25640.1,25646.45,25629.55,25636.8,0
2026-02-05T13:15:00+0530,25637.45,25657.3,25611.2,25612.3,0
2026-02-05T13:30:00+0530,25611.7,25643.5,25611.7,25635.9,0
2026-02-05T13:45:00+0530,25635.8,25647.4,25621.05,25635.25,0
2026-02-05T14:00:00+0530,25635.4,25642,25579.5,25596.95,0
2026-02-05T14:15:00+0530,25597.45,25617.65,25589.9,25611.9,0
2026-02-05T14:30:00+0530,25611.8,25640.35,25606.35,25624.05,0
2026-02-05T14:45:00+0530,25624.25,25649,25609.05,25645.2,0
2026-02-05T15:00:00+0530,25646.05,25669.75,25630.45,25647.8,0
2026-02-05T15:15:00+0530,25647.75,25649.75,25621.55,25641.6,0
2026-02-06T09:15:00+0530,25605.8,25630.8,25553.55,25574.35,0
2026-02-06T09:30:00+0530,25574.6,25574.6,25522.25,25526.3,0
2026-02-06T09:45:00+0530,25527.2,25570.8,25527.2,25552.35,0
2026-02-06T10:00:00+0530,25552.35,25560.45,25504.6,25515.8,0
2026-02-06T10:15:00+0530,25515.8,25558.8,25506.65,25506.65,0
2026-02-06T10:30:00+0530,25507.1,25525.85,25496.1,25502.4,0
2026-02-06T10:45:00+0530,25501.7,25524.2,25491.9,25522.5,0
2026-02-06T11:00:00+0530,25522.75,25576.4,25522.75,25576.4,0
2026-02-06T11:15:00+0530,25577.8,25598.2,25564.6,25588.55,0
2026-02-06T11:30:00+0530,25588.5,25644.5,25582.95,25623.8,0
2026-02-06T11:45:00+0530,25623.85,25641.8,25613.2,25632.25,0
2026-02-06T12:00:00+0530,25631.35,25657.9,25588.45,25611.05,0
2026-02-06T12:15:00+0530,25611.7,25614.35,25561.35,25573.75,0
2026-02-06T12:30:00+0530,25573.25,25573.5,25536.7,25543.45,0
2026-02-06T12:45:00+0530,25542.8,25570.35,25526.65,25556.7,0
2026-02-06T13:00:00+0530,25556.15,25573.15,25540.2,25561.45,0
2026-02-06T13:15:00+0530,25562.1,25576.65,25559.7,25569,0
2026-02-06T13:30:00+0530,25569.4,25598.75,25549.1,25578.45,0
2026-02-06T13:45:00+0530,25578.3,25626.1,25572.05,25617.6,0
2026-02-06T14:00:00+0530,25617.4,25633.3,25607.15,25612.3,0
2026-02-06T14:15:00+0530,25612.15,25630.65,25601.9,25610.9,0
2026-02-06T14:30:00+0530,25611.1,25652.4,25606.5,25651.85,0
2026-02-06T14:45:00+0530,25651.8,25671.85,25633.65,25670.3,0
2026-02-06T15:00:00+0530,25671.2,25703.8,25671.2,25698.5,0
2026-02-06T15:15:00+0530,25698.5,25703.95,25661.95,25673.6,0
2026-02-09T09:15:00+0530,25888.7,25922.25,25793.3,25822.9,0
2026-02-09T09:30:00+0530,25822,25835.5,25780.9,25793.05,0
2026-02-09T09:45:00+0530,25792.9,25819.25,25790.35,25814.1,0
2026-02-09T10:00:00+0530,25814.8,25831.1,25796.15,25801.6,0
2026-02-09T10:15:00+0530,25800.1,25829.95,25794,25812.8,0
2026-02-09T10:30:00+0530,25812.3,25852.35,25810.1,25852.35,0
2026-02-09T10:45:00+0530,25852.8,25866.4,25844.5,25864.6,0
2026-02-09T11:00:00+0530,25865.2,25870.05,25853.45,25857.95,0
2026-02-09T11:15:00+0530,25858.15,25868.35,25851.75,25858.4,0
2026-02-09T11:30:00+0530,25858.85,25866.55,25842,25851,0
2026-02-09T11:45:00+0530,25850.45,25852.3,25830.5,25834.75,0
2026-02-09T12:00:00+0530,25834.3,25861.25,25833.9,25856.25,0
2026-02-09T12:15:00+0530,25856.6,25861.45,25848.5,25849.3,0
2026-02-09T12:30:00+0530,25850.55,25850.9,25831.55,25835.95,0
2026-02-09T12:45:00+0530,25836,25839.8,25819.95,25837.25,0
2026-02-09T13:00:00+0530,25838.4,25860.3,25835.9,25849.95,0
2026-02-09T13:15:00+0530,25850.75,25860,25836.85,25838.15,0
2026-02-09T13:30:00+0530,25840.35,25856.1,25835.85,25853.3,0
2026-02-09T13:45:00+0530,25854.05,25857.3,25843.1,25845.65,0
2026-02-09T14:00:00+0530,25846.1,25853.8,25835.5,25844.4,0
2026-02-09T14:15:00+0530,25845.25,25864.4,25842.2,25858.7,0
2026-02-09T14:30:00+0530,25860.05,25861,25840.35,25843.8,0
2026-02-09T14:45:00+0530,25844.95,25861.3,25836.25,25858.05,0
2026-02-09T15:00:00+0530,25860.5,25875.85,25859.35,25866.3,0
2026-02-09T15:15:00+0530,25866.3,25870.55,25856.85,25863.3,0
2026-02-10T09:15:00+0530,25922.65,25934.95,25870.45,25917.6,0
2026-02-10T09:30:00+0530,25918.2,25953.2,25909.65,25949.4,0
2026-02-10T09:45:00+0530,25949.65,25962.3,25928.8,25949.5,0
2026-02-10T10:00:00+0530,25948.7,25965.7,25940.25,25944.35,0
2026-02-10T10:15:00+0530,25944.4,25971.85,25942.15,25963.4,0
2026-02-10T10:30:00+0530,25963.5,25978.9,25951.35,25960.7,0
2026-02-10T10:45:00+0530,25960.15,25971.7,25954.35,25959.6,0
2026-02-10T11:00:00+0530,25959.3,25969.9,25955.1,25959.65,0
2026-02-10T11:15:00+0530,25960.05,25964.4,25947.3,25954.05,0
2026-02-10T11:30:00+0530,25953.95,25961.2,25941.9,25950.9,0
2026-02-10T11:45:00+0530,25951.35,25963.7,25943.95,25961.75,0
2026-02-10T12:00:00+0530,25961.9,25965.4,25950.65,25963.65,0
2026-02-10T12:15:00+0530,25964.35,25969.8,25952.65,25956.8,0
2026-02-10T12:30:00+0530,25956.4,25965,25950.85,25964.7,0
2026-02-10T12:45:00+0530,25964.55,25989.45,25963.7,25973.45,0
2026-02-10T13:00:00+0530,25972.45,25981,25956.8,25977.75,0
2026-02-10T13:15:00+0530,25978,25982.25,25927.45,25938.1,0
2026-02-10T13:30:00+0530,25935.05,25935.65,25908.85,25927.2,0
2026-02-10T13:45:00+0530,25925.05,25936.05,25909.6,25910.85,0
2026-02-10T14:00:00+0530,25910.35,25923.4,25893.2,25918.7,0
2026-02-10T14:15:00+0530,25918.15,25943.8,25915.85,25921.3,0
2026-02-10T14:30:00+0530,25919.15,25930.6,25903.85,25912.7,0
2026-02-10T14:45:00+0530,25911.4,25944.4,25911.2,25940.6,0
2026-02-10T15:00:00+0530,25943,25967.4,25930.85,25933.95,0
2026-02-10T15:15:00+0530,25934.3,25937.05,25906.05,25916.8,0
2026-02-11T09:15:00+0530,25997.45,26009.4,25942.45,25980.6,0
2026-02-11T09:30:00+0530,25980.1,25984.55,25923.5,25937.85,0
2026-02-11T09:45:00+0530,25937.8,25956.3,25925.75,25943.05,0
2026-02-11T10:00:00+0530,25943.2,25943.4,25909.85,25917.9,0
2026-02-11T10:15:00+0530,25918.05,25967.75,25916.9,25964.8,0
2026-02-11T10:30:00+0530,25964.2,25981.3,25958.2,25969.05,0
2026-02-11T10:45:00+0530,25968,25978.6,25955.8,25961.25,0
2026-02-11T11:00:00+0530,25961.95,25971.65,25938.9,25956.95,0
2026-02-11T11:15:00+0530,25957.4,25967.9,25947.4,25957.7,0
2026-02-11T11:30:00+0530,25957.7,25979.05,25953.65,25956.15,0
2026-02-11T11:45:00+0530,25956.45,25969.35,25945.5,25946.75,0
2026-02-11T12:00:00+0530,25947.55,25960.95,25933.95,25953.95,0
2026-02-11T12:15:00+0530,25954.45,25955.45,25935.8,25939.7,0
2026-02-11T12:30:00+0530,25940.05,25945.1,25899.8,25911.2,0
2026-02-11T12:45:00+0530,25911.2,25936.45,25900.9,25927.4,0
2026-02-11T13:00:00+0530,25928.2,25931.1,25907.6,25923.75,0
2026-02-11T13:15:00+0530,25923.95,25945.65,25920.1,25945.05,0
2026-02-11T13:30:00+0530,25944.7,25969.2,25939.9,25955.35,0
2026-02-11T13:45:00+0530,25955.1,25956.3,25927.5,25932.6,0
2026-02-11T14:00:00+0530,25932.05,25956.8,25925.55,25956.2,0
2026-02-11T14:15:00+0530,25955.95,25964.1,25939.7,25944.85,0
2026-02-11T14:30:00+0530,25944.4,25954.05,25937.2,25944.9,0
2026-02-11T14:45:00+0530,25945.45,25955.95,25940.3,25944.95,0
2026-02-11T15:00:00+0530,25944.65,25970.75,25944.65,25955.9,0
2026-02-11T15:15:00+0530,25957.95,25958.65,25939.75,25945.35,0
2026-02-12T09:15:00+0530,25906.7,25906.7,25831.25,25833.75,0
2026-02-12T09:30:00+0530,25835.8,25847.95,25822.3,25844.65,0
2026-02-12T09:45:00+0530,25844.85,25872.35,25828.4,25865.1,0
2026-02-12T10:00:00+0530,25867.5,25880.9,25849.9,25880.85,0
2026-02-12T10:15:00+0530,25881.8,25882.6,25859.4,25867.2,0
2026-02-12T10:30:00+0530,25867.35,25876,25850.6,25859.3,0
2026-02-12T10:45:00+0530,25859.3,25865.55,25848.7,25853.6,0
2026-02-12T11:00:00+0530,25853.6,25861.8,25843.15,25849.15,0
2026-02-12T11:15:00+0530,25849.55,25849.55,25824.2,25831.1,0
2026-02-12T11:30:00+0530,25833.9,25833.9,25813.05,25828.4,0
2026-02-12T11:45:00+0530,25828.15,25836.1,25808.05,25826.3,0
2026-02-12T12:00:00+0530,25827.05,25832.4,25806.5,25828.9,0
2026-02-12T12:15:00+0530,25829.8,25839.7,25827.95,25832.15,0
2026-02-12T12:30:00+0530,25834.9,25847.05,25831.85,25844.45,0
2026-02-12T12:45:00+0530,25845.6,25859.5,25839.95,25853.75,0
2026-02-12T13:00:00+0530,25854.55,25859.85,25830,25835.75,0
2026-02-12T13:15:00+0530,25836.45,25879.3,25830.75,25855.45,0
2026-02-12T13:30:00+0530,25857.4,25862,25841.3,25844.85,0
2026-02-12T13:45:00+0530,25845.05,25847.35,25805.65,25816.95,0
2026-02-12T14:00:00+0530,25817.2,25822.5,25807.25,25817.55,0
2026-02-12T14:15:00+0530,25818.2,25837.85,25803.25,25823.7,0
2026-02-12T14:30:00+0530,25823.4,25829.65,25794.55,25797.3,0
2026-02-12T14:45:00+0530,25796.95,25798.75,25752.4,25785.5,0
2026-02-12T15:00:00+0530,25788.95,25840.7,25788.4,25807.45,0
2026-02-12T15:15:00+0530,25807.45,25814.75,25790.4,25796.15,0
2026-02-13T09:15:00+0530,25571.15,25630.35,25558.3,25585.7,0
2026-02-13T09:30:00+0530,25586.1,25586.1,25525.45,25560.85,0
2026-02-13T09:45:00+0530,25560.75,25565.3,25531.5,25534.45,0
2026-02-13T10:00:00+0530,25534.65,25550.7,25529.35,25531.75,0
2026-02-13T10:15:00+0530,25531.5,25553.25,25513.3,25548.95,0
2026-02-13T10:30:00+0530,25548.55,25584.3,25548.25,25574.1,0
2026-02-13T10:45:00+0530,25573.3,25574.6,25543.95,25560.5,0
2026-02-13T11:00:00+0530,25561.9,25563.75,25533.05,25554.2,0
2026-02-13T11:15:00+0530,25553.7,25555.95,25522.8,25548.8,0
2026-02-13T11:30:00+0530,25548.85,25551.05,25525.05,25549.6,0
2026-02-13T11:45:00+0530,25550.8,25561.25,25543.4,25558.85,0
2026-02-13T12:00:00+0530,25559,25576.7,25554.95,25573.4,0
2026-02-13T12:15:00+0530,25573.5,25604.25,25557.7,25585.3,0
2026-02-13T12:30:00+0530,25585.8,25606.05,25576.5,25584,0
2026-02-13T12:45:00+0530,25585.15,25596.85,25537.6,25542.05,0
2026-02-13T13:00:00+0530,25542.95,25578,25531.65,25574.7,0
2026-02-13T13:15:00+0530,25575.65,25586.85,25541.65,25546.65,0
2026-02-13T13:30:00+0530,25546.9,25553.8,25533.2,25539.2,0
2026-02-13T13:45:00+0530,25538.9,25540.15,25499.9,25524.5,0
2026-02-13T14:00:00+0530,25525.15,25539.25,25513.7,25534.6,0
2026-02-13T14:15:00+0530,25535,25538.4,25515.3,25530.95,0
2026-02-13T14:30:00+0530,25531.15,25534.55,25499.35,25511.75,0
2026-02-13T14:45:00+0530,25511.45,25528.3,25502.2,25521.25,0
2026-02-13T15:00:00+0530,25521.95,25527.55,25472.05,25477.2,0
2026-02-13T15:15:00+0530,25476,25489.8,25444.3,25460.55,0
2026-02-16T09:15:00+0530,25423.6,25493.35,25372.7,25472.25,0
2026-02-16T09:30:00+0530,25473.55,25528.45,25458.15,25460.75,0
2026-02-16T09:45:00+0530,25460.25,25497.95,25431.9,25496.65,0
2026-02-16T10:00:00+0530,25497.5,25556.5,25497.5,25551.45,0
2026-02-16T10:15:00+0530,25551.45,25561.85,25518.9,25525.85,0
2026-02-16T10:30:00+0530,25526.2,25540.25,25520.5,25526.25,0
2026-02-16T10:45:00+0530,25526.45,25536,25508.2,25523.05,0
2026-02-16T11:00:00+0530,25523.55,25537.1,25507.15,25534.55,0
2026-02-16T11:15:00+0530,25533.85,25547.15,25511.35,25517.8,0
2026-02-16T11:30:00+0530,25518.1,25531.55,25513.6,25523.65,0
2026-02-16T11:45:00+0530,25521.05,25529.65,25503.05,25529.1,0
2026-02-16T12:00:00+0530,25529.1,25555.2,25528.85,25545.7,0
2026-02-16T12:15:00+0530,25545.4,25576.5,25532.95,25576.5,0
2026-02-16T12:30:00+0530,25576.4,25590.9,25572,25577.8,0
2026-02-16T12:45:00+0530,25578.95,25582.35,25550.65,25556.85,0
2026-02-16T13:00:00+0530,25556.6,25584.85,25555.2,25571.35,0
2026-02-16T13:15:00+0530,25571.45,25584,25564.35,25581.7,0
2026-02-16T13:30:00+0530,25582.4,25593.15,25566.35,25590.6,0
2026-02-16T13:45:00+0530,25590.7,25594.15,25544.85,25566,0
2026-02-16T14:00:00+0530,25565,25585.4,25560.5,25580.35,0
2026-02-16T14:15:00+0530,25581.1,25624.9,25574,25620.4,0
2026-02-16T14:30:00+0530,25620.75,25654.95,25620.35,25646.25,0
2026-02-16T14:45:00+0530,25645.75,25669.85,25639.8,25663.45,0
2026-02-16T15:00:00+0530,25661.55,25697,25661.55,25686.75,0
2026-02-16T15:15:00+0530,25687.05,25692.75,25673,25682.45,0
2026-02-17T09:15:00+0530,25637.95,25664.85,25570.3,25592.8,0
2026-02-17T09:30:00+0530,25593.1,25644.75,25578.7,25642.95,0
2026-02-17T09:45:00+0530,25642.2,25675.85,25632.4,25663.15,0
2026-02-17T10:00:00+0530,25662.25,25682,25651.3,25679.25,0
2026-02-17T10:15:00+0530,25679.4,25728.5,25666.15,25724.4,0
2026-02-17T10:30:00+0530,25724.1,25730.35,25657.2,25661.3,0
2026-02-17T10:45:00+0530,25661.6,25669.15,25642.75,25668.1,0
2026-02-17T11:00:00+0530,25667.75,25674.95,25653.65,25673.1,0
2026-02-17T11:15:00+0530,25673.95,25695.55,25669.5,25693.6,0
2026-02-17T11:30:00+0530,25693.95,25745.75,25687.55,25722.35,0
2026-02-17T11:45:00+0530,25722.75,25741.8,25722.6,25729.45,0
2026-02-17T12:00:00+0530,25730,25737.25,25718.8,25721.7,0
2026-02-17T12:15:00+0530,25722.55,25753.85,25721.85,25733.65,0
2026-02-17T12:30:00+0530,25733.9,25741.25,25725.35,25738.7,0
2026-02-17T12:45:00+0530,25738.25,25760.85,25732.2,25733.8,0
2026-02-17T13:00:00+0530,25733.6,25764.4,25713.9,25736.35,0
2026-02-17T13:15:00+0530,25736.25,25748,25725.75,25740.1,0
2026-02-17T13:30:00+0530,25740.95,25761.95,25738.05,25744.7,0
2026-02-17T13:45:00+0530,25744.8,25749.8,25696.75,25698.85,0
2026-02-17T14:00:00+0530,25699.45,25734.15,25667.8,25670.95,0
2026-02-17T14:15:00+0530,25670.7,25705.8,25662.6,25683.35,0
2026-02-17T14:30:00+0530,25686.1,25733.2,25675.5,25717.3,0
2026-02-17T14:45:00+0530,25717.3,25721,25691.15,25711.9,0
2026-02-17T15:00:00+0530,25713.1,25746.3,25703,25724.85,0
2026-02-17T15:15:00+0530,25725.45,25731.85,25713.8,25716,0
2026-02-18T09:15:00+0530,25752.65,25759.75,25697.75,25728.5,0
2026-02-18T09:30:00+0530,25730.25,25746.65,25711.95,25741.85,0
2026-02-18T09:45:00+0530,25741.85,25744.45,25655.75,25665.45,0
2026-02-18T10:00:00+0530,25666.6,25674.85,25650.25,25661.95,0
2026-02-18T10:15:00+0530,25663.85,25675.6,25645.15,25665.35,0
2026-02-18T10:30:00+0530,25666.2,25684.7,25654.7,25660.75,0
2026-02-18T10:45:00+0530,25661.9,25708,25658.85,25703.2,0
2026-02-18T11:00:00+0530,25706,25709,25689.3,25700.05,0
2026-02-18T11:15:00+0530,25700.7,25701.8,25679.95,25693.55,0
2026-02-18T11:30:00+0530,25694.9,25716.55,25676.55,25686.9,0
2026-02-18T11:45:00+0530,25687.5,25701.9,25682.65,25701.05,0
2026-02-18T12:00:00+0530,25702.4,25718.4,25697.15,25709.85,0
2026-02-18T12:15:00+0530,25710.5,25723,25703.65,25711.75,0
2026-02-18T12:30:00+0530,25713.9,25734.4,25709.9,25726.35,0
2026-02-18T12:45:00+0530,25725.1,25733.9,25711.9,25731.85,0
2026-02-18T13:00:00+0530,25732.2,25742.05,25718.4,25731.5,0
2026-02-18T13:15:00+0530,25730.95,25753.2,25717.8,25728.05,0
2026-02-18T13:30:00+0530,25727.25,25730.95,25718.1,25724.7,0
2026-02-18T13:45:00+0530,25724.6,25746.15,25695.75,25724.3,0
2026-02-18T14:00:00+0530,25724.45,25757.35,25719.95,25756.8,0
2026-02-18T14:15:00+0530,25756.95,25792.85,25750.6,25785.2,0
2026-02-18T14:30:00+0530,25784.2,25793.8,25774.3,25779.8,0
2026-02-18T14:45:00+0530,25779.65,25796.75,25768.45,25792.15,0
2026-02-18T15:00:00+0530,25794.75,25828.05,25794.75,25821.95,0
2026-02-18T15:15:00+0530,25820.05,25827.45,25805.05,25805.7,0
2026-02-19T09:15:00+0530,25873.35,25885.3,25811.2,25817.65,0
2026-02-19T09:30:00+0530,25817.75,25821.2,25776.55,25779.9,0
2026-02-19T09:45:00+0530,25780.95,25812.95,25769.65,25772.85,0
2026-02-19T10:00:00+0530,25772.55,25793.9,25749.45,25756.45,0
2026-02-19T10:15:00+0530,25757.75,25765.85,25732.35,25746.7,0
2026-02-19T10:30:00+0530,25746.75,25752.4,25708.7,25735.05,0
2026-02-19T10:45:00+0530,25735.2,25740.5,25718.05,25734.85,0
2026-02-19T11:00:00+0530,25734.75,25746,25713.85,25715.8,0
2026-02-19T11:15:00+0530,25715.3,25720.7,25679.75,25688.65,0
2026-02-19T11:30:00+0530,25687.7,25693.1,25667.65,25678.9,0
2026-02-19T11:45:00+0530,25679.35,25680.05,25650.55,25658.7,0
2026-02-19T12:00:00+0530,25658.65,25661.6,25601,25603.5,0
2026-02-19T12:15:00+0530,25602.85,25639.7,25586.75,25626,0
2026-02-19T12:30:00+0530,25625.4,25630.7,25569.35,25582.55,0
2026-02-19T12:45:00+0530,25580.7,25613.4,25567.75,25597.5,0
2026-02-19T13:00:00+0530,25598.4,25631.4,25586.25,25624.55,0
2026-02-19T13:15:00+0530,25623.85,25636.25,25598.5,25619.7,0
2026-02-19T13:30:00+0530,25617.95,25620.55,25575.85,25600.55,0
2026-02-19T13:45:00+0530,25600.5,25605.7,25561.7,25562.45,0
2026-02-19T14:00:00+0530,25562.85,25577.45,25545.3,25571.4,0
2026-02-19T14:15:00+0530,25570.9,25609.95,25544.9,25547.1,0
2026-02-19T14:30:00+0530,25545.85,25575.55,25518.2,25518.2,0
2026-02-19T14:45:00+0530,25517.95,25535.4,25488,25524.4,0
2026-02-19T15:00:00+0530,25521.75,25521.75,25440.25,25447.6,0
2026-02-19T15:15:00+0530,25447.55,25447.55,25388.75,25416.45,0
2026-02-20T09:15:00+0530,25406.55,25485.85,25379.75,25382.1,0
2026-02-20T09:30:00+0530,25381.75,25486.9,25381.75,25482.3,0
2026-02-20T09:45:00+0530,25481.65,25524.7,25480.6,25520.8,0
2026-02-20T10:00:00+0530,25520.25,25523.45,25468.95,25480.45,0
2026-02-20T10:15:00+0530,25479.9,25572.65,25479.9,25550.8,0
2026-02-20T10:30:00+0530,25550.95,25603.8,25550.95,25596.65,0
2026-02-20T10:45:00+0530,25595.6,25606.5,25574.05,25584.2,0
2026-02-20T11:00:00+0530,25584.85,25590.3,25560.75,25561.85,0
2026-02-20T11:15:00+0530,25561.7,25597.05,25561.7,25585.5,0
2026-02-20T11:30:00+0530,25585.5,25607.2,25580.25,25600.85,0
2026-02-20T11:45:00+0530,25600.25,25620.7,25581.1,25598.15,0
2026-02-20T12:00:00+0530,25597.75,25604.5,25580.55,25603.1,0
2026-02-20T12:15:00+0530,25602.45,25663.55,25602.1,25653.45,0
2026-02-20T12:30:00+0530,25652.95,25658.35,25604.95,25606.8,0
2026-02-20T12:45:00+0530,25605.95,25623.85,25573.3,25594.6,0
2026-02-20T13:00:00+0530,25594.25,25609.75,25535.75,25554.6,0
2026-02-20T13:15:00+0530,25554.5,25573.3,25532,25568.5,0
2026-02-20T13:30:00+0530,25567.5,25609.55,25556,25573,0
2026-02-20T13:45:00+0530,25572.85,25602.9,25561.4,25601.15,0
2026-02-20T14:00:00+0530,25600.75,25611.8,25577.85,25602.15,0
2026-02-20T14:15:00+0530,25601.65,25634.15,25587.05,25591.1,0
2026-02-20T14:30:00+0530,25592.3,25637.6,25585.9,25625.55,0
2026-02-20T14:45:00+0530,25625.95,25652.85,25614.6,25639.45,0
2026-02-20T15:00:00+0530,25646.55,25649.65,25563,25571.95,0
2026-02-20T15:15:00+0530,25570.85,25577.45,25538.9,25565.9,0
2026-02-23T09:15:00+0530,25678.4,25767.9,25626.5,25759.05,0
2026-02-23T09:30:00+0530,25760.3,25771.45,25718.6,25730.25,0
2026-02-23T09:45:00+0530,25732.2,25749,25711.1,25728.65,0
2026-02-23T10:00:00+0530,25729.45,25737.45,25705.15,25717.35,0
2026-02-23T10:15:00+0530,25717.85,25733.7,25695.95,25706.45,0
2026-02-23T10:30:00+0530,25707.75,25709.65,25655.15,25656.95,0
2026-02-23T10:45:00+0530,25658,25677.7,25646.6,25667.85,0
2026-02-23T11:00:00+0530,25668.8,25697.95,25652.3,25696.1,0
2026-02-23T11:15:00+0530,25697,25699.2,25652.5,25662,0
2026-02-23T11:30:00+0530,25662.3,25671.2,25651.85,25667.65,0
2026-02-23T11:45:00+0530,25668,25671.2,25631.65,25649.45,0
2026-02-23T12:00:00+0530,25650.15,25673.35,25646.05,25661.6,0
2026-02-23T12:15:00+0530,25662.1,25682.95,25647.65,25651.9,0
2026-02-23T12:30:00+0530,25652.55,25685,25636.4,25685,0
2026-02-23T12:45:00+0530,25684.45,25690.85,25636.75,25638.05,0
2026-02-23T13:00:00+0530,25637.95,25657.6,25631.55,25636.7,0
2026-02-23T13:15:00+0530,25638.05,25668.45,25627.7,25667.45,0
2026-02-23T13:30:00+0530,25668.5,25680.3,25632.35,25663.1,0
2026-02-23T13:45:00+0530,25664.75,25669.4,25637.95,25638.4,0
2026-02-23T14:00:00+0530,25638.45,25643,25609.35,25630.7,0
2026-02-23T14:15:00+0530,25631,25673.95,25619.75,25673.65,0
2026-02-23T14:30:00+0530,25673.9,25709.45,25661.75,25670.05,0
2026-02-23T14:45:00+0530,25671.05,25699.85,25668.1,25674.15,0
2026-02-23T15:00:00+0530,25678.45,25728.95,25678.45,25712.1,0
2026-02-23T15:15:00+0530,25711.3,25722.5,25700,25704,0
2026-02-24T09:15:00+0530,25641.8,25641.8,25547.15,25548.65,0
2026-02-24T09:30:00+0530,25548.6,25549.75,25482.85,25499.45,0
2026-02-24T09:45:00+0530,25500.3,25535.6,25494.95,25516.35,0
2026-02-24T10:00:00+0530,25516.5,25532.65,25483.8,25484.7,0
2026-02-24T10:15:00+0530,25484,25515,25474.35,25495.5,0
2026-02-24T10:30:00+0530,25495.1,25513.25,25492.5,25498.1,0
2026-02-24T10:45:00+0530,25497.9,25499.65,25460.7,25471.5,0
2026-02-24T11:00:00+0530,25470.35,25512.5,25470.35,25505.85,0
2026-02-24T11:15:00+0530,25505.7,25519.35,25497.1,25518.15,0
2026-02-24T11:30:00+0530,25517.1,25525.2,25500.6,25501.55,0
2026-02-24T11:45:00+0530,25500.6,25503.45,25471.7,25472.55,0
2026-02-24T12:00:00+0530,25472.05,25476.15,25446.95,25466.05,0
2026-02-24T12:15:00+0530,25464.5,25466.95,25416.85,25429.25,0
2026-02-24T12:30:00+0530,25429.3,25439.8,25415.1,25418.05,0
2026-02-24T12:45:00+0530,25417.3,25420.8,25387.2,25404.7,0
2026-02-24T13:00:00+0530,25405.05,25433.25,25396.5,25424.6,0
2026-02-24T13:15:00+0530,25424.6,25425.75,25377.9,25377.9,0
2026-02-24T13:30:00+0530,25378.95,25380.2,25327.6,25365.45,0
2026-02-24T13:45:00+0530,25365.9,25416.15,25359.3,25411.95,0
2026-02-24T14:00:00+0530,25412.1,25443.55,25382.05,25440.5,0
2026-02-24T14:15:00+0530,25440.05,25446.1,25391.9,25408.85,0
2026-02-24T14:30:00+0530,25407.95,25425.2,25381.25,25381.25,0
2026-02-24T14:45:00+0530,25380.45,25427.65,25361.9,25424.85,0
2026-02-24T15:00:00+0530,25429.1,25443.6,25401.15,25421.2,0
2026-02-24T15:15:00+0530,25422.2,25464.55,25416.65,25460.25,0
2026-02-25T09:15:00+0530,25512.6,25594.95,25507.9,25582.9,0
2026-02-25T09:30:00+0530,25584.85,25587.8,25559.1,25561.75,0
2026-02-25T09:45:00+0530,25561.65,25603.4,25559.15,25600.6,0
2026-02-25T10:00:00+0530,25600.85,25633.25,25594.8,25631.75,0
2026-02-25T10:15:00+0530,25631.6,25652.6,25629.95,25635.2,0
2026-02-25T10:30:00+0530,25635,25649.65,25618.9,25619.9,0
2026-02-25T10:45:00+0530,25619.05,25628.15,25607.5,25612.35,0
2026-02-25T11:00:00+0530,25614.1,25630.8,25608.55,25616,0
2026-02-25T11:15:00+0530,25615.5,25620,25597.6,25613.3,0
2026-02-25T11:30:00+0530,25613.3,25615.25,25581.05,25588,0
2026-02-25T11:45:00+0530,25589.85,25622.2,25586.3,25595.1,0
2026-02-25T12:00:00+0530,25592.65,25614.25,25591.9,25600.2,0
2026-02-25T12:15:00+0530,25599.7,25615.5,25588.55,25592.5,0
2026-02-25T12:30:00+0530,25591.95,25596.75,25501.85,25504.3,0
2026-02-25T12:45:00+0530,25504.5,25505.15,25461.25,25472.2,0
2026-02-25T13:00:00+0530,25471.65,25476.5,25440.05,25462.6,0
2026-02-25T13:15:00+0530,25462.4,25485.2,25428.2,25460.3,0
2026-02-25T13:30:00+0530,25460.1,25480.95,25460.1,25462.05,0
2026-02-25T13:45:00+0530,25462.35,25474.8,25450.5,25472.65,0
2026-02-25T14:00:00+0530,25473.05,25473.05,25430.15,25457.1,0
2026-02-25T14:15:00+0530,25457.3,25502.45,25448.55,25448.55,0
2026-02-25T14:30:00+0530,25449.5,25482.6,25449.5,25471.45,0
2026-02-25T14:45:00+0530,25471.6,25473.55,25439.95,25468.25,0
2026-02-25T15:00:00+0530,25469.8,25506.55,25469.5,25478.5,0
2026-02-25T15:15:00+0530,25477.05,25488.1,25471.05,25478.65,0
2026-02-26T09:15:00+0530,25556.3,25567.6,25487.85,25504.45,0
2026-02-26T09:30:00+0530,25505.15,25556.3,25492.1,25555.9,0
2026-02-26T09:45:00+0530,25555.3,25565.6,25500.1,25518.35,0
2026-02-26T10:00:00+0530,25517.95,25572.95,25516.75,25558.25,0
2026-02-26T10:15:00+0530,25558.6,25562,25519.55,25526.95,0
2026-02-26T10:30:00+0530,25526.55,25544.35,25521.55,25531.8,0
2026-02-26T10:45:00+0530,25532.8,25551.55,25505.45,25509.95,0
2026-02-26T11:00:00+0530,25506.9,25530.45,25491.7,25523.25,0
2026-02-26T11:15:00+0530,25522.75,25570.85,25517.45,25536.75,0
2026-02-26T11:30:00+0530,25535.35,25537.25,25458.05,25461.35,0
2026-02-26T11:45:00+0530,25460.35,25490.65,25446.55,25453.4,0
2026-02-26T12:00:00+0530,25453.3,25481.7,25450.9,25459.3,0
2026-02-26T12:15:00+0530,25458.05,25468.5,25400.95,25430.7,0
2026-02-26T12:30:00+0530,25430.85,25461.15,25426.4,25459.95,0
2026-02-26T12:45:00+0530,25457.45,25460.7,25412.05,25414.8,0
2026-02-26T13:00:00+0530,25415.4,25453.3,25413.75,25428.55,0
2026-02-26T13:15:00+0530,25428.2,25454.75,25403.4,25438,0
2026-02-26T13:30:00+0530,25437.3,25449.3,25430.65,25438.2,0
2026-02-26T13:45:00+0530,25438.05,25450.9,25415.1,25440.8,0
2026-02-26T14:00:00+0530,25440.8,25460.55,25406.15,25453.45,0
2026-02-26T14:15:00+0530,25456.65,25463.15,25427,25442.15,0
2026-02-26T14:30:00+0530,25441.65,25513,25431.85,25513,0
2026-02-26T14:45:00+0530,25514.8,25527.15,25486.45,25501.85,0
2026-02-26T15:00:00+0530,25503.65,25524.85,25475.5,25486.15,0
2026-02-26T15:15:00+0530,25486.95,25503.25,25482.95,25493.3,0
2026-02-27T09:15:00+0530,25459.85,25476.4,25363.4,25364.55,0
2026-02-27T09:30:00+0530,25365.1,25383.65,25351.2,25364.4,0
2026-02-27T09:45:00+0530,25363.8,25364.35,25328.75,25330,0
2026-02-27T10:00:00+0530,25330.3,25334.15,25308.6,25322.6,0
2026-02-27T10:15:00+0530,25321.95,25333,25292.4,25324.3,0
2026-02-27T10:30:00+0530,25324.35,25346.45,25314.6,25315.25,0
2026-02-27T10:45:00+0530,25315.25,25326.65,25304.25,25304.65,0
2026-02-27T11:00:00+0530,25305.35,25338.2,25305.15,25335,0
2026-02-27T11:15:00+0530,25334.55,25341.65,25302.8,25307,0
2026-02-27T11:30:00+0530,25307.9,25308.75,25271.75,25295.1,0
2026-02-27T11:45:00+0530,25295.15,25317.75,25295.15,25313.4,0
2026-02-27T12:00:00+0530,25313.4,25328.45,25284.8,25284.95,0
2026-02-27T12:15:00+0530,25285.35,25313.15,25270.05,25300.6,0
2026-02-27T12:30:00+0530,25300.55,25309.05,25274.45,25277.2,0
2026-02-27T12:45:00+0530,25276.75,25294.75,25268.7,25276.95,0
2026-02-27T13:00:00+0530,25277.15,25296.85,25274.25,25289.7,0
2026-02-27T13:15:00+0530,25288.8,25300.95,25281.65,25300.75,0
2026-02-27T13:30:00+0530,25300.2,25313.75,25288.1,25300.95,0
2026-02-27T13:45:00+0530,25302.35,25343.95,25300.95,25343.15,0
2026-02-27T14:00:00+0530,25342.6,25352.05,25315.7,25324.55,0
2026-02-27T14:15:00+0530,25324.2,25328.9,25291.05,25293.55,0
2026-02-27T14:30:00+0530,25293.55,25309.55,25287,25292.35,0
2026-02-27T14:45:00+0530,25294.1,25314.8,25287.8,25312.4,0
2026-02-27T15:00:00+0530,25309.45,25309.45,25141.3,25167.9,0
2026-02-27T15:15:00+0530,25168.8,25189.1,25159.35,25181.8,0
2026-03-02T09:15:00+0530,24659.25,24958.8,24645.1,24889.4,0
2026-03-02T09:30:00+0530,24889.75,24977.6,24885.45,24963.65,0
2026-03-02T09:45:00+0530,24964.3,24989.35,24883.2,24945.1,0
2026-03-02T10:00:00+0530,24946.2,24952.5,24865.7,24884.85,0
2026-03-02T10:15:00+0530,24885.35,24887.85,24853.7,24859.6,0
2026-03-02T10:30:00+0530,24860.95,24885.25,24812.25,24813.7,0
2026-03-02T10:45:00+0530,24814.8,24859.2,24814,24855.15,0
2026-03-02T11:00:00+0530,24856.3,24868.7,24839.35,24843.2,0
2026-03-02T11:15:00+0530,24844.8,24849.2,24797.55,24803,0
2026-03-02T11:30:00+0530,24802.8,24825.45,24797.45,24821.6,0
2026-03-02T11:45:00+0530,24822.2,24842.8,24782.7,24784,0
2026-03-02T12:00:00+0530,24784.15,24784.6,24743.25,24744.55,0
2026-03-02T12:15:00+0530,24743.5,24756,24718.55,24733.7,0
2026-03-02T12:30:00+0530,24733.8,24741.25,24684.9,24687.9,0
2026-03-02T12:45:00+0530,24687.5,24711.8,24679.1,24697.05,0
2026-03-02T13:00:00+0530,24698.95,24706.65,24686.85,24695.5,0
2026-03-02T13:15:00+0530,24695.65,24708.8,24671.6,24679.5,0
2026-03-02T13:30:00+0530,24677.8,24690.65,24655.55,24675.35,0
2026-03-02T13:45:00+0530,24675.15,24678.5,24604.5,24614.4,0
2026-03-02T14:00:00+0530,24615.55,24795.5,24603.5,24787.4,0
2026-03-02T14:15:00+0530,24787.5,24794.55,24727.8,24730.3,0
2026-03-02T14:30:00+0530,24730.9,24875.7,24722.5,24864.85,0
2026-03-02T14:45:00+0530,24865.3,24891.25,24815.2,24817.75,0
2026-03-02T15:00:00+0530,24822,24904.8,24815.55,24904.8,0
2026-03-02T15:15:00+0530,24905.25,24914.85,24845.2,24849.75,0
2026-03-04T09:15:00+0530,24388.8,24476.95,24315.45,24342.85,0
2026-03-04T09:30:00+0530,24344.75,24412,24317.15,24408.75,0
2026-03-04T09:45:00+0530,24410.95,24416.2,24323.6,24325.9,0
2026-03-04T10:00:00+0530,24325.8,24414.8,24305.4,24413.65,0
2026-03-04T10:15:00+0530,24413.65,24437.35,24382.6,24419.05,0
2026-03-04T10:30:00+0530,24420,24420.7,24379.95,24390.75,0
2026-03-04T10:45:00+0530,24391.65,24422.4,24375.7,24391.45,0
2026-03-04T11:00:00+0530,24392.45,24461.4,24388.6,24435.45,0
2026-03-04T11:15:00+0530,24436.15,24438.9,24363,24365.55,0
2026-03-04T11:30:00+0530,24366.95,24383.35,24354.15,24362.2,0
2026-03-04T11:45:00+0530,24364.05,24401.05,24354.3,24374.5,0
2026-03-04T12:00:00+0530,24376.85,24402.3,24376.35,24379.85,0
2026-03-04T12:15:00+0530,24381.15,24385.6,24362.25,24368.3,0
2026-03-04T12:30:00+0530,24368.95,24387.5,24357.75,24382.55,0
2026-03-04T12:45:00+0530,24383.35,24428.1,24379.95,24416.8,0
2026-03-04T13:00:00+0530,24418,24461,24414.5,24461,0
2026-03-04T13:15:00+0530,24461.45,24477.45,24432.35,24451.6,0
2026-03-04T13:30:00+0530,24451.25,24466.35,24418.15,24462.6,0
2026-03-04T13:45:00+0530,24463.5,24469.85,24415.75,24437,0
2026-03-04T14:00:00+0530,24437.9,24556.95,24437.55,24554.95,0
2026-03-04T14:15:00+0530,24555.35,24574.65,24513.85,24522.5,0
2026-03-04T14:30:00+0530,24523.1,24584.15,24502.6,24578.75,0
2026-03-04T14:45:00+0530,24579.1,24602.45,24548,24582.95,0
2026-03-04T15:00:00+0530,24582.95,24584.45,24457.45,24465.95,0
2026-03-04T15:15:00+0530,24464.85,24482.15,24451.05,24473.95,0
2026-03-05T09:15:00+0530,24615.95,24651.95,24549.1,24568.45,0
2026-03-05T09:30:00+0530,24570.6,24599.6,24530.05,24596.2,0
2026-03-05T09:45:00+0530,24596.3,24656.7,24583.75,24628.5,0
2026-03-05T10:00:00+0530,24628.25,24648.8,24595.15,24596.25,0
2026-03-05T10:15:00+0530,24597.05,24608.65,24538.55,24564.55,0
2026-03-05T10:30:00+0530,24563.7,24653.95,24550.3,24650.95,0
2026-03-05T10:45:00+0530,24651.05,24672.4,24629.25,24666.55,0
2026-03-05T11:00:00+0530,24667.2,24672.8,24639.05,24643.2,0
2026-03-05T11:15:00+0530,24639.85,24662.95,24607.7,24612.9,0
2026-03-05T11:30:00+0530,24613.65,24638.3,24588.55,24590.35,0
2026-03-05T11:45:00+0530,24590.75,24597.55,24556.9,24579.1,0
2026-03-05T12:00:00+0530,24580.2,24616.3,24574.45,24615.5,0
2026-03-05T12:15:00+0530,24615.65,24651.75,24592.9,24648.85,0
2026-03-05T12:30:00+0530,24649.15,24665.95,24632.65,24645.8,0
2026-03-05T12:45:00+0530,24645.8,24657.6,24619.4,24653.45,0
2026-03-05T13:00:00+0530,24653.95,24660.85,24632.55,24639.65,0
2026-03-05T13:15:00+0530,24640.7,24651.35,24621.75,24651,0
2026-03-05T13:30:00+0530,24651.55,24671.3,24605.8,24619.8,0
2026-03-05T13:45:00+0530,24619.85,24635.1,24569.75,24573.7,0
2026-03-05T14:00:00+0530,24572.5,24586.1,24547.35,24553.75,0
2026-03-05T14:15:00+0530,24554.15,24617.4,24529.4,24611.25,0
2026-03-05T14:30:00+0530,24611.5,24761.15,24576.45,24726.8,0
2026-03-05T14:45:00+0530,24727.05,24854.2,24712.75,24848.95,0
2026-03-05T15:00:00+0530,24849.2,24853.25,24714.1,24714.8,0
2026-03-05T15:15:00+0530,24716,24759.4,24706.05,24737.45,0
2026-03-06T09:15:00+0530,24656.4,24700.9,24587.15,24681.35,0
2026-03-06T09:30:00+0530,24681.5,24681.5,24639.8,24678.85,0
2026-03-06T09:45:00+0530,24678.35,24688.1,24618.85,24625.15,0
2026-03-06T10:00:00+0530,24624.3,24661.1,24616.95,24653.35,0
2026-03-06T10:15:00+0530,24652.35,24675.65,24647.4,24651.75,0
2026-03-06T10:30:00+0530,24652.35,24652.7,24608.75,24620.15,0
2026-03-06T10:45:00+0530,24620.8,24622.3,24575.15,24594.65,0
2026-03-06T11:00:00+0530,24594.9,24648.7,24594.9,24617.6,0
2026-03-06T11:15:00+0530,24617.4,24621.4,24593.9,24607.25,0
2026-03-06T11:30:00+0530,24607.75,24654.55,24602.55,24616.4,0
2026-03-06T11:45:00+0530,24616.5,24634.9,24611.7,24625.7,0
2026-03-06T12:00:00+0530,24625.85,24631.45,24605.45,24608.85,0
2026-03-06T12:15:00+0530,24608.6,24623.35,24576.05,24578.3,0
2026-03-06T12:30:00+0530,24578.25,24602,24578.25,24599.85,0
2026-03-06T12:45:00+0530,24599.8,24611.25,24583.8,24603.7,0
2026-03-06T13:00:00+0530,24603.6,24614.25,24591.9,24602.65,0
2026-03-06T13:15:00+0530,24602.05,24614.85,24593.25,24609.65,0
2026-03-06T13:30:00+0530,24609,24623.5,24571.55,24594.95,0
2026-03-06T13:45:00+0530,24596.6,24596.6,24552.95,24552.95,0
2026-03-06T14:00:00+0530,24555.7,24605.7,24543.2,24585.75,0
2026-03-06T14:15:00+0530,24587.2,24616.45,24585.45,24593,0
2026-03-06T14:30:00+0530,24593.45,24602.3,24534.1,24543.45,0
2026-03-06T14:45:00+0530,24543.5,24559.75,24445.35,24487.95,0
2026-03-06T15:00:00+0530,24483.3,24492.8,24431.3,24441.15,0
2026-03-06T15:15:00+0530,24442.5,24474.4,24415.75,24469.4,0
2026-03-09T09:15:00+0530,23868.05,23959.7,23697.8,23736.75,0
2026-03-09T09:30:00+0530,23736.25,23799.3,23734.8,23735.65,0
2026-03-09T09:45:00+0530,23737.4,23786.4,23711.85,23773.9,0
2026-03-09T10:00:00+0530,23774,23834.15,23750.65,23806.2,0
2026-03-09T10:15:00+0530,23805,23805,23755.85,23781.85,0
2026-03-09T10:30:00+0530,23781.15,23791.75,23744.85,23783.4,0
2026-03-09T10:45:00+0530,23784.45,23896,23750.15,23862.35,0
2026-03-09T11:00:00+0530,23866.2,23871.65,23784.45,23819.5,0
2026-03-09T11:15:00+0530,23818.45,23888.65,23787.35,23877.25,0
2026-03-09T11:30:00+0530,23877.8,23932,23863.9,23897.65,0
2026-03-09T11:45:00+0530,23897.85,23910.5,23878.75,23887.2,0
2026-03-09T12:00:00+0530,23887.5,23888.6,23828.35,23855.35,0
2026-03-09T12:15:00+0530,23855.6,23870.85,23839.2,23862.2,0
2026-03-09T12:30:00+0530,23862.8,23883.15,23834.1,23873.45,0
2026-03-09T12:45:00+0530,23874.65,23914.4,23854.3,23910.95,0
2026-03-09T13:00:00+0530,23909.35,23918.2,23863.35,23869.7,0
2026-03-09T13:15:00+0530,23870,23906.85,23853.85,23882.15,0
2026-03-09T13:30:00+0530,23883.6,23937.55,23882.5,23902.85,0
2026-03-09T13:45:00+0530,23903.1,23911.55,23876.05,23878.5,0
2026-03-09T14:00:00+0530,23878.65,23904.8,23859.6,23883.6,0
2026-03-09T14:15:00+0530,23884.55,23917.3,23863.95,23902.5,0
2026-03-09T14:30:00+0530,23903,23955.25,23895.6,23946.95,0
2026-03-09T14:45:00+0530,23947.25,24019.35,23939.3,24007.25,0
2026-03-09T15:00:00+0530,24012.3,24078.15,23974.4,24047.7,0
2026-03-09T15:15:00+0530,24047.05,24055.45,23994.7,24005.8,0
2026-03-10T09:15:00+0530,24280.8,24303.8,24125.15,24159.8,0
2026-03-10T09:30:00+0530,24161,24164.6,24085.6,24153.45,0
2026-03-10T09:45:00+0530,24152.95,24158.3,24079.95,24093.1,0
2026-03-10T10:00:00+0530,24092.05,24160.95,24091.3,24151.75,0
2026-03-10T10:15:00+0530,24151.5,24213.7,24149.3,24160.6,0
2026-03-10T10:30:00+0530,24160.3,24224.8,24159.1,24217.05,0
2026-03-10T10:45:00+0530,24217.2,24233.2,24173.95,24197.4,0
2026-03-10T11:00:00+0530,24197.6,24224.95,24186.6,24222.4,0
2026-03-10T11:15:00+0530,24222.2,24243.5,24206.1,24229,0
2026-03-10T11:30:00+0530,24229.55,24255.3,24226.95,24250.1,0
2026-03-10T11:45:00+0530,24250,24250.5,24193.9,24210.65,0
2026-03-10T12:00:00+0530,24210.8,24229.45,24172.5,24172.5,0
2026-03-10T12:15:00+0530,24173.1,24189.45,24143.05,24162.65,0
2026-03-10T12:30:00+0530,24163.3,24191.5,24142.45,24147.05,0
2026-03-10T12:45:00+0530,24147.6,24231.35,24142.75,24219.15,0
2026-03-10T13:00:00+0530,24219.4,24236.5,24194.9,24209.35,0
2026-03-10T13:15:00+0530,24209.9,24225.3,24190.4,24212.6,0
2026-03-10T13:30:00+0530,24212.55,24262.4,24212.4,24238.55,0
2026-03-10T13:45:00+0530,24238.5,24253.5,24223.5,24233.2,0
2026-03-10T14:00:00+0530,24233.45,24294,24215.9,24285.95,0
2026-03-10T14:15:00+0530,24286.25,24296.65,24221.25,24235.45,0
2026-03-10T14:30:00+0530,24235.2,24245.95,24201.95,24224.6,0
2026-03-10T14:45:00+0530,24224.85,24278.15,24208.5,24261.45,0
2026-03-10T15:00:00+0530,24261.95,24276.25,24217.5,24258,0
2026-03-10T15:15:00+0530,24257.4,24300.65,24254,24286.15,0
2026-03-11T09:15:00+0530,24231.85,24299,24213.75,24237.35,0
2026-03-11T09:30:00+0530,24237.9,24238.25,24172.75,24187.65,0
2026-03-11T09:45:00+0530,24188.95,24207.5,24144.65,24153.7,0
2026-03-11T10:00:00+0530,24154.6,24161.7,24109.6,24116.5,0
2026-03-11T10:15:00+0530,24117.1,24132.25,24103.45,24121.65,0
2026-03-11T10:30:00+0530,24122.35,24141.95,24069.85,24074.1,0
2026-03-11T10:45:00+0530,24074,24104.1,24049.05,24102.95,0
2026-03-11T11:00:00+0530,24102.95,24114.1,24063.3,24071.4,0
2026-03-11T11:15:00+0530,24073.75,24073.75,24009.2,24033.55,0
2026-03-11T11:30:00+0530,24033.9,24034.35,23986,24013.55,0
2026-03-11T11:45:00+0530,24014.45,24015.95,23971.6,23982.3,0
2026-03-11T12:00:00+0530,23982.6,24023.85,23978.8,24011.6,0
2026-03-11T12:15:00+0530,24012.55,24024.2,24002.5,24011.9,0
2026-03-11T12:30:00+0530,24012.35,24023.65,23969.7,24010.95,0
2026-03-11T12:45:00+0530,24011.85,24011.85,23971.15,23973.3,0
2026-03-11T13:00:00+0530,23973.8,23993.75,23919.8,23929.65,0
2026-03-11T13:15:00+0530,23930.7,23980.65,23913.45,23980,0
2026-03-11T13:30:00+0530,23980.45,24005.35,23955.85,23957.95,0
2026-03-11T13:45:00+0530,23958.45,23966.25,23938.7,23959.2,0
2026-03-11T14:00:00+0530,23959,23960.9,23929.2,23939.95,0
2026-03-11T14:15:00+0530,23940.95,23974.6,23892,23974.55,0
2026-03-11T14:30:00+0530,23975.8,23977.05,23913.7,23921.3,0
2026-03-11T14:45:00+0530,23921.55,23930.4,23871.8,23871.8,0
2026-03-11T15:00:00+0530,23874.8,23913.1,23854.35,23861.9,0
2026-03-11T15:15:00+0530,23864.2,23879.6,23834.3,23848.2,0
2026-03-12T09:15:00+0530,23674.85,23690.85,23556.3,23603.35,0
2026-03-12T09:30:00+0530,23600.45,23619.6,23569.4,23602.65,0
2026-03-12T09:45:00+0530,23606.2,23696.6,23595.05,23693.8,0
2026-03-12T10:00:00+0530,23695.4,23696.75,23605.35,23610.15,0
2026-03-12T10:15:00+0530,23610.5,23681.55,23589.9,23666.65,0
2026-03-12T10:30:00+0530,23666.35,23721.05,23632.35,23692.7,0
2026-03-12T10:45:00+0530,23693.4,23742.15,23669.3,23740.9,0
2026-03-12T11:00:00+0530,23741.6,23774,23733.95,23741.05,0
2026-03-12T11:15:00+0530,23741.75,23756.65,23665,23703.3,0
2026-03-12T11:30:00+0530,23704.2,23718.25,23676.6,23711.35,0
2026-03-12T11:45:00+0530,23712.45,23742.2,23688.1,23739.85,0
2026-03-12T12:00:00+0530,23739.45,23750.65,23710.5,23749.35,0
2026-03-12T12:15:00+0530,23751.15,23759.2,23721.8,23744.1,0
2026-03-12T12:30:00+0530,23744.4,23747.6,23702.3,23715.8,0
2026-03-12T12:45:00+0530,23716.7,23731.25,23700.8,23717,0
2026-03-12T13:00:00+0530,23717.85,23722.4,23656.4,23715.25,0
2026-03-12T13:15:00+0530,23718.3,23767.95,23695.8,23764.3,0
2026-03-12T13:30:00+0530,23765.25,23833.15,23764.7,23789.9,0
2026-03-12T13:45:00+0530,23789.35,23801.25,23738.6,23738.6,0
2026-03-12T14:00:00+0530,23740.55,23771.55,23701.95,23738.9,0
2026-03-12T14:15:00+0530,23739.35,23758.15,23709.65,23711.8,0
2026-03-12T14:30:00+0530,23713.5,23745.15,23667.6,23673.8,0
2026-03-12T14:45:00+0530,23673.15,23684.1,23605.55,23639.45,0
2026-03-12T15:00:00+0530,23641.1,23679.8,23609.95,23633.9,0
2026-03-12T15:15:00+0530,23636.35,23652.15,23624.6,23639.35,0
2026-03-13T09:15:00+0530,23462.5,23487.9,23415.25,23469.65,0
2026-03-13T09:30:00+0530,23469.8,23492.4,23424.95,23425.25,0
2026-03-13T09:45:00+0530,23426.55,23426.85,23344.2,23347.55,0
2026-03-13T10:00:00+0530,23349.1,23369.95,23311.85,23329.8,0
2026-03-13T10:15:00+0530,23330.95,23357.1,23305.75,23353.45,0
2026-03-13T10:30:00+0530,23354.45,23360,23313.05,23324.55,0
2026-03-13T10:45:00+0530,23325.2,23379.55,23309.3,23372.7,0
2026-03-13T11:00:00+0530,23373.8,23374.7,23317.45,23321.65,0
2026-03-13T11:15:00+0530,23323.55,23379.2,23309.65,23377.35,0
2026-03-13T11:30:00+0530,23378.85,23414.9,23365.35,23407.9,0
2026-03-13T11:45:00+0530,23409.35,23410.6,23360.5,23361.2,0
2026-03-13T12:00:00+0530,23363.1,23365.45,23317.45,23336.15,0
2026-03-13T12:15:00+0530,23338.9,23338.9,23266.1,23278.7,0
2026-03-13T12:30:00+0530,23280.05,23281.5,23193.55,23212.4,0
2026-03-13T12:45:00+0530,23214,23250.2,23210.2,23231.1,0
2026-03-13T13:00:00+0530,23232.55,23239.55,23173.55,23175.7,0
2026-03-13T13:15:00+0530,23178.35,23192.75,23136.5,23189.35,0
2026-03-13T13:30:00+0530,23191.35,23202.65,23131.15,23157.15,0
2026-03-13T13:45:00+0530,23159.1,23168.4,23112,23118.95,0
2026-03-13T14:00:00+0530,23121.65,23205.5,23120.2,23201.85,0
2026-03-13T14:15:00+0530,23203.65,23233.5,23182.75,23202.5,0
2026-03-13T14:30:00+0530,23204.6,23258.6,23203.6,23224.8,0
2026-03-13T14:45:00+0530,23228.7,23231.2,23144.55,23177.9,0
2026-03-13T15:00:00+0530,23181.05,23190.55,23125.1,23162.55,0
2026-03-13T15:15:00+0530,23161.45,23173.85,23138.5,23170.9,0
2026-03-16T09:15:00+0530,23116.1,23248.05,23098,23157.75,0
2026-03-16T09:30:00+0530,23159.5,23284.65,23158.2,23240.5,0
2026-03-16T09:45:00+0530,23240.2,23276.95,23164.7,23167.55,0
2026-03-16T10:00:00+0530,23168.8,23210.5,23143.25,23155.2,0
2026-03-16T10:15:00+0530,23154.35,23154.35,23024.45,23024.95,0
2026-03-16T10:30:00+0530,23026.5,23076.75,23025.95,23052.05,0
2026-03-16T10:45:00+0530,23053.5,23064.25,22955.25,23032.25,0
2026-03-16T11:00:00+0530,23032.95,23097.45,23012.95,23092.35,0
2026-03-16T11:15:00+0530,23093.55,23199.45,23090.7,23172.2,0
2026-03-16T11:30:00+0530,23172.75,23218.15,23148.35,23149.5,0
2026-03-16T11:45:00+0530,23149.9,23172,23138.1,23144.95,0
2026-03-16T12:00:00+0530,23144.4,23188.95,23144.4,23162.85,0
2026-03-16T12:15:00+0530,23163.3,23196.45,23154.35,23179.4,0
2026-03-16T12:30:00+0530,23178.65,23182.55,23114.5,23154.8,0
2026-03-16T12:45:00+0530,23154.15,23154.6,23093.25,23132.4,0
2026-03-16T13:00:00+0530,23132.75,23172.6,23086.35,23116.8,0
2026-03-16T13:15:00+0530,23117.95,23168.95,23115.4,23124.5,0
2026-03-16T13:30:00+0530,23123.75,23147.85,23100.7,23108.25,0
2026-03-16T13:45:00+0530,23107.45,23142.55,23092.85,23130.8,0
2026-03-16T14:00:00+0530,23130.45,23180.7,23116,23155.3,0
2026-03-16T14:15:00+0530,23155.05,23374.7,23134.6,23347.85,0
2026-03-16T14:30:00+0530,23352.85,23450.8,23337.65,23427.85,0
2026-03-16T14:45:00+0530,23429.85,23502,23411.3,23454.05,0
2026-03-16T15:00:00+0530,23455.3,23460.2,23388.75,23435.25,0
2026-03-16T15:15:00+0530,23435.8,23436.05,23338.6,23355.6,0
2026-03-17T09:15:00+0530,23493.2,23493.2,23346.6,23373.15,0
2026-03-17T09:30:00+0530,23376.7,23462.9,23359.5,23453.15,0
2026-03-17T09:45:00+0530,23453.45,23501.75,23431.7,23496.75,0
2026-03-17T10:00:00+0530,23496.7,23537.1,23496.7,23525.85,0
2026-03-17T10:15:00+0530,23525.75,23577.55,23500.2,23501.85,0
2026-03-17T10:30:00+0530,23501.7,23510.65,23443,23483.9,0
2026-03-17T10:45:00+0530,23484.65,23533.9,23475.5,23523.85,0
2026-03-17T11:00:00+0530,23523.85,23528.15,23467.4,23471.45,0
2026-03-17T11:15:00+0530,23470.45,23479.5,23375.95,23384.35,0
2026-03-17T11:30:00+0530,23385.25,23409.9,23355.7,23390.45,0
2026-03-17T11:45:00+0530,23390.9,23429.6,23376.05,23415.35,0
2026-03-17T12:00:00+0530,23414.75,23450.05,23402.6,23435.15,0
2026-03-17T12:15:00+0530,23435.15,23438.3,23381.55,23406.35,0
2026-03-17T12:30:00+0530,23407.05,23457.25,23380.35,23450.9,0
2026-03-17T12:45:00+0530,23449.3,23496.2,23449.3,23477.55,0
2026-03-17T13:00:00+0530,23477.05,23533.5,23476.15,23532.95,0
2026-03-17T13:15:00+0530,23533.95,23560.2,23524.85,23541.05,0
2026-03-17T13:30:00+0530,23542.5,23592.05,23504.15,23530.75,0
2026-03-17T13:45:00+0530,23531.75,23568.3,23531.05,23541.85,0
2026-03-17T14:00:00+0530,23542.5,23608.95,23533.4,23600,0
2026-03-17T14:15:00+0530,23600.4,23606.85,23526.85,23554.05,0
2026-03-17T14:30:00+0530,23554.55,23615.35,23554.55,23587.1,0
2026-03-17T14:45:00+0530,23588.35,23656.8,23567.55,23654.5,0
2026-03-17T15:00:00+0530,23655.2,23655.2,23567.5,23607.05,0
2026-03-17T15:15:00+0530,23607.65,23607.65,23546.55,23558.8,0
2026-03-18T09:15:00+0530,23632.9,23738.9,23618.45,23715.3,0
2026-03-18T09:30:00+0530,23714.8,23735.05,23700.1,23721.75,0
2026-03-18T09:45:00+0530,23720.35,23754.65,23669.55,23691.25,0
2026-03-18T10:00:00+0530,23691.15,23695.65,23640.7,23664.3,0
2026-03-18T10:15:00+0530,23664.95,23737.85,23664.65,23722.95,0
2026-03-18T10:30:00+0530,23721.65,23746,23713.45,23723.35,0
2026-03-18T10:45:00+0530,23721.65,23778.55,23721.1,23770.6,0
2026-03-18T11:00:00+0530,23770.8,23791.5,23764.15,23785.3,0
2026-03-18T11:15:00+0530,23784.7,23806.4,23770.6,23799.6,0
2026-03-18T11:30:00+0530,23798.75,23835.95,23783.1,23817.95,0
2026-03-18T11:45:00+0530,23816.9,23822.5,23803.55,23806.3,0
2026-03-18T12:00:00+0530,23806.65,23810.8,23772.15,23779.65,0
2026-03-18T12:15:00+0530,23779.2,23788.8,23760.9,23767,0
2026-03-18T12:30:00+0530,23767.15,23789.95,23762.4,23778.2,0
2026-03-18T12:45:00+0530,23777.7,23794.5,23764.95,23775.9,0
2026-03-18T13:00:00+0530,23775.15,23803.2,23766.4,23803.2,0
2026-03-18T13:15:00+0530,23802.4,23836.75,23792.4,23824.35,0
2026-03-18T13:30:00+0530,23823.85,23844.8,23816,23844.8,0
2026-03-18T13:45:00+0530,23845.45,23859.35,23819.05,23833.65,0
2026-03-18T14:00:00+0530,23832.5,23851.5,23809.6,23817.65,0
2026-03-18T14:15:00+0530,23817.5,23862.25,23811.1,23835.25,0
2026-03-18T14:30:00+0530,23836.45,23840.05,23779.7,23780.6,0
2026-03-18T14:45:00+0530,23780.55,23808.35,23775.55,23801.8,0
2026-03-18T15:00:00+0530,23801.65,23809.8,23766.9,23792.55,0
2026-03-18T15:15:00+0530,23792.35,23792.9,23730.65,23764.1,0
2026-03-19T09:15:00+0530,23197.75,23378.7,23180.95,23316.05,0
2026-03-19T09:30:00+0530,23317.2,23325.6,23255.5,23271,0
2026-03-19T09:45:00+0530,23269.6,23273.35,23226.75,23242.7,0
2026-03-19T10:00:00+0530,23241.95,23269.95,23230.45,23236.65,0
2026-03-19T10:15:00+0530,23234.75,23283.95,23204.05,23272.4,0
2026-03-19T10:30:00+0530,23272.4,23317.8,23271.7,23311.7,0
2026-03-19T10:45:00+0530,23312.6,23312.6,23258.3,23260.45,0
2026-03-19T11:00:00+0530,23260.65,23264.65,23217.1,23220.95,0
2026-03-19T11:15:00+0530,23221.35,23253.6,23207.55,23228.05,0
2026-03-19T11:30:00+0530,23227.35,23253.85,23225.55,23241.65,0
2026-03-19T11:45:00+0530,23241.6,23260,23236.2,23241.05,0
2026-03-19T12:00:00+0530,23241.9,23268.75,23217.85,23265.5,0
2026-03-19T12:15:00+0530,23265.5,23281.2,23238.95,23254.85,0
2026-03-19T12:30:00+0530,23254.9,23264.7,23229.3,23235.65,0
2026-03-19T12:45:00+0530,23234.85,23277.3,23233.8,23264.65,0
2026-03-19T13:00:00+0530,23265.35,23265.6,23194.7,23200.25,0
2026-03-19T13:15:00+0530,23200.35,23208.7,23172.15,23176.65,0
2026-03-19T13:30:00+0530,23176.7,23217.85,23173.8,23199.15,0
2026-03-19T13:45:00+0530,23198.55,23203.75,23155.7,23163.05,0
2026-03-19T14:00:00+0530,23163.3,23171.8,23087.95,23111.3,0
2026-03-19T14:15:00+0530,23111.55,23137.05,23096.9,23100.65,0
2026-03-19T14:30:00+0530,23101.1,23127.55,23083.75,23110.7,0
2026-03-19T14:45:00+0530,23110.55,23111.55,22947.55,22954.05,0
2026-03-19T15:00:00+0530,22954.9,23019.1,22930.35,22987.25,0
2026-03-19T15:15:00+0530,22987.55,23093.9,22977.65,23087.85,0
2026-03-20T09:15:00+0530,23110.15,23303.85,23109.9,23286.8,0
2026-03-20T09:30:00+0530,23287.05,23319.7,23228.95,23228.95,0
2026-03-20T09:45:00+0530,23230.6,23266.7,23222.75,23259,0
2026-03-20T10:00:00+0530,23260.2,23261.05,23220.7,23243.65,0
2026-03-20T10:15:00+0530,23243.4,23261.3,23200.65,23260.6,0
2026-03-20T10:30:00+0530,23261.75,23301.8,23252.6,23290.15,0
2026-03-20T10:45:00+0530,23290.6,23317.9,23277.05,23296.6,0
2026-03-20T11:00:00+0530,23298.65,23303.65,23263.15,23289.15,0
2026-03-20T11:15:00+0530,23288.95,23345.15,23284.6,23317.3,0
2026-03-20T11:30:00+0530,23317.9,23331.6,23285.8,23286.9,0
2026-03-20T11:45:00+0530,23287.4,23292.85,23223.1,23250.3,0
2026-03-20T12:00:00+0530,23251.25,23259.5,23210.9,23233.05,0
2026-03-20T12:15:00+0530,23234.15,23234.15,23137.05,23155.15,0
2026-03-20T12:30:00+0530,23155.65,23216.4,23120.35,23205.75,0
2026-03-20T12:45:00+0530,23206.5,23249.7,23202.8,23214.8,0
2026-03-20T13:00:00+0530,23214.9,23251.2,23202.6,23231.5,0
2026-03-20T13:15:00+0530,23232,23271.1,23230,23257.7,0
2026-03-20T13:30:00+0530,23258.45,23272.4,23231.95,23232,0
2026-03-20T13:45:00+0530,23233.7,23234,23188.65,23193.45,0
2026-03-20T14:00:00+0530,23195,23244.55,23185.25,23199.15,0
2026-03-20T14:15:00+0530,23200.05,23205.75,23164,23164,0
2026-03-20T14:30:00+0530,23164.05,23188.05,23097.7,23097.7,0
2026-03-20T14:45:00+0530,23099.4,23113.4,23067.6,23090.5,0
2026-03-20T15:00:00+0530,23091.3,23177.45,23078.6,23106.85,0
2026-03-20T15:15:00+0530,23106.25,23139.8,23078.7,23134.65,0
2026-03-23T09:15:00+0530,22824.35,22851.7,22634.55,22704.4,0
2026-03-23T09:30:00+0530,22702.15,22742.8,22691.8,22706.4,0
2026-03-23T09:45:00+0530,22706.1,22706.65,22592.6,22597.5,0
2026-03-23T10:00:00+0530,22597.45,22633.05,22571.1,22571.1,0
2026-03-23T10:15:00+0530,22571.95,22587.5,22530.3,22531,0
2026-03-23T10:30:00+0530,22530.6,22581.5,22529.05,22548.1,0
2026-03-23T10:45:00+0530,22548.2,22550.25,22509.65,22531.85,0
2026-03-23T11:00:00+0530,22531.2,22583.65,22504.15,22554.75,0
2026-03-23T11:15:00+0530,22554.6,22561.45,22528,22559.15,0
2026-03-23T11:30:00+0530,22557.85,22571.6,22508.3,22520.15,0
2026-03-23T11:45:00+0530,22518,22564,22518,22555.9,0
2026-03-23T12:00:00+0530,22556.05,22562.35,22530.6,22535.35,0
2026-03-23T12:15:00+0530,22534.25,22535.55,22478.15,22511.95,0
2026-03-23T12:30:00+0530,22514.6,22551.5,22497.7,22535.65,0
2026-03-23T12:45:00+0530,22534.7,22555.9,22481.7,22500.05,0
2026-03-23T13:00:00+0530,22499.55,22508.25,22471.25,22489.1,0
2026-03-23T13:15:00+0530,22489.7,22514.5,22482.85,22487.05,0
2026-03-23T13:30:00+0530,22487.6,22567.35,22487.15,22561.7,0
2026-03-23T13:45:00+0530,22558.95,22629.75,22557.6,22599.65,0
2026-03-23T14:00:00+0530,22598.85,22661.15,22590.45,22618.7,0
2026-03-23T14:15:00+0530,22619.65,22656.45,22591.95,22611.2,0
2026-03-23T14:30:00+0530,22610.55,22617.4,22515.25,22599.1,0
2026-03-23T14:45:00+0530,22596.95,22646.55,22579.05,22614.5,0
2026-03-23T15:00:00+0530,22614.75,22614.75,22486.1,22509.25,0
2026-03-23T15:15:00+0530,22509.55,22510.7,22478.1,22492.65,0
2026-03-24T09:15:00+0530,22878.45,22899.6,22762.8,22839.9,0
2026-03-24T09:30:00+0530,22839.6,22852.4,22731.95,22744.8,0
2026-03-24T09:45:00+0530,22747.3,22773.65,22701.2,22754.2,0
2026-03-24T10:00:00+0530,22753.9,22756.65,22681.6,22708.1,0
2026-03-24T10:15:00+0530,22706.95,22766.8,22701.55,22737.9,0
2026-03-24T10:30:00+0530,22738.2,22738.9,22624.2,22667.9,0
2026-03-24T10:45:00+0530,22667.55,22723.5,22629.4,22639.7,0
2026-03-24T11:00:00+0530,22639.8,22711.05,22639.8,22698.25,0
2026-03-24T11:15:00+0530,22699.4,22746,22689.55,22728.5,0
2026-03-24T11:30:00+0530,22729.35,22770.15,22724.5,22754.65,0
2026-03-24T11:45:00+0530,22754.35,22827.8,22745.85,22806.9,0
2026-03-24T12:00:00+0530,22806.75,22816.9,22760,22761.45,0
2026-03-24T12:15:00+0530,22761.9,22936.5,22753.35,22844.45,0
2026-03-24T12:30:00+0530,22844.15,22989.2,22843.4,22955.2,0
2026-03-24T12:45:00+0530,22956.95,23026.1,22952.85,22974.4,0
2026-03-24T13:00:00+0530,22974.6,22990.5,22911.35,22990.5,0
2026-03-24T13:15:00+0530,22990.75,23027.25,22958.4,23021.95,0
2026-03-24T13:30:00+0530,23021.2,23057.3,22999.85,23037.5,0
2026-03-24T13:45:00+0530,23037.6,23047.9,22950.6,22976.2,0
2026-03-24T14:00:00+0530,22975.25,22995.75,22954.25,22992.35,0
2026-03-24T14:15:00+0530,22993.2,23037.9,22920,22945.6,0
2026-03-24T14:30:00+0530,22945.1,22959.4,22882.65,22909.65,0
2026-03-24T14:45:00+0530,22909.25,22927.15,22883.9,22916.35,0
2026-03-24T15:00:00+0530,22914.6,22932.1,22875.35,22898.65,0
2026-03-24T15:15:00+0530,22901.15,22961.7,22881.3,22958.4,0
2026-03-25T09:15:00+0530,23064.4,23220.8,23063.2,23215.1,0
2026-03-25T09:30:00+0530,23214.65,23278.05,23202.55,23270.9,0
2026-03-25T09:45:00+0530,23272.95,23298.25,23262.05,23286.05,0
2026-03-25T10:00:00+0530,23287.4,23310.35,23246.55,23305.55,0
2026-03-25T10:15:00+0530,23306.6,23318.55,23283.35,23314.55,0
2026-03-25T10:30:00+0530,23313.7,23369.6,23299.95,23366.65,0
2026-03-25T10:45:00+0530,23366.25,23378.35,23354.35,23367.45,0
2026-03-25T11:00:00+0530,23366,23433.7,23366,23432.55,0
2026-03-25T11:15:00+0530,23432.3,23434.75,23377.3,23388.4,0
2026-03-25T11:30:00+0530,23391.5,23406.8,23343.5,23361.35,0
2026-03-25T11:45:00+0530,23361.3,23416.35,23359.4,23399.35,0
2026-03-25T12:00:00+0530,23399.4,23442.35,23394.5,23440.35,0
2026-03-25T12:15:00+0530,23439.95,23449.75,23417.85,23429.25,0
2026-03-25T12:30:00+0530,23429,23465.35,23416.55,23447.55,0
2026-03-25T12:45:00+0530,23447.85,23452.25,23372.35,23375.35,0
2026-03-25T13:00:00+0530,23374.85,23420.5,23369.7,23392.6,0
2026-03-25T13:15:00+0530,23392.2,23424.3,23371.55,23412.95,0
2026-03-25T13:30:00+0530,23414.15,23439.25,23388.1,23432.55,0
2026-03-25T13:45:00+0530,23432.95,23462.8,23419,23430.2,0
2026-03-25T14:00:00+0530,23430.35,23460.3,23387.45,23390.75,0
2026-03-25T14:15:00+0530,23390.3,23403.95,23314.35,23337.25,0
2026-03-25T14:30:00+0530,23337.35,23368.05,23304.5,23357.35,0
2026-03-25T14:45:00+0530,23357.1,23367.65,23318.5,23334.85,0
2026-03-25T15:00:00+0530,23332.5,23357.45,23284.1,23300.65,0
2026-03-25T15:15:00+0530,23302.95,23311.4,23273.95,23309,0
2026-03-27T09:15:00+0530,23173.55,23186.1,23025.5,23056.8,0
2026-03-27T09:30:00+0530,23056.55,23063.85,23000.85,23053.55,0
2026-03-27T09:45:00+0530,23053.1,23054.6,22978.45,22992.25,0
2026-03-27T10:00:00+0530,22991.45,23034.95,22977.25,22980.5,0
2026-03-27T10:15:00+0530,22980.9,23014.05,22967.3,23006.75,0
2026-03-27T10:30:00+0530,23006.55,23038.65,22987,22989.15,0
2026-03-27T10:45:00+0530,22988.35,22989.4,22948.1,22973.5,0
2026-03-27T11:00:00+0530,22973.4,23001.15,22967.1,22990.45,0
2026-03-27T11:15:00+0530,22990.9,22992.7,22927.3,22934.5,0
2026-03-27T11:30:00+0530,22935.3,22957.3,22929.3,22950.55,0
2026-03-27T11:45:00+0530,22950.8,22961.8,22938.8,22946.65,0
2026-03-27T12:00:00+0530,22946,22954.25,22917.2,22934.35,0
2026-03-27T12:15:00+0530,22932.95,22964.25,22905.6,22962.3,0
2026-03-27T12:30:00+0530,22962.8,22967.55,22930.65,22964.7,0
2026-03-27T12:45:00+0530,22965,22973.2,22939.9,22945.65,0
2026-03-27T13:00:00+0530,22945.05,22952.6,22920,22943.65,0
2026-03-27T13:15:00+0530,22943.15,22992.95,22935.75,22936.4,0
2026-03-27T13:30:00+0530,22935.8,22949.15,22909.3,22930.3,0
2026-03-27T13:45:00+0530,22931.35,22945.3,22912.75,22922.85,0
2026-03-27T14:00:00+0530,22922.9,22930.6,22884.5,22911.05,0
2026-03-27T14:15:00+0530,22911.65,22917.1,22872.1,22885.15,0
2026-03-27T14:30:00+0530,22886.65,22886.95,22831.35,22852.6,0
2026-03-27T14:45:00+0530,22854.35,22869.2,22840.4,22845,0
2026-03-27T15:00:00+0530,22843.55,22843.95,22811.2,22814.4,0
2026-03-27T15:15:00+0530,22814.8,22839.5,22804.55,22839.5,0
2026-03-30T09:15:00+0530,22549.65,22618.05,22470.15,22580.75,0
2026-03-30T09:30:00+0530,22581.4,22714.1,22576.75,22659.25,0
2026-03-30T09:45:00+0530,22659.55,22690,22596.95,22615.3,0
2026-03-30T10:00:00+0530,22614.7,22665.5,22556.6,22596.75,0
2026-03-30T10:15:00+0530,22595.9,22603.95,22534.75,22534.75,0
2026-03-30T10:30:00+0530,22535.45,22554.6,22512.25,22514.55,0
2026-03-30T10:45:00+0530,22513.3,22538.3,22478.35,22490.2,0
2026-03-30T11:00:00+0530,22489.6,22509.3,22454,22478.55,0
2026-03-30T11:15:00+0530,22479.25,22488.25,22465.8,22468.2,0
2026-03-30T11:30:00+0530,22468.1,22535.8,22457.35,22486.65,0
2026-03-30T11:45:00+0530,22485.7,22489.85,22453,22484,0
2026-03-30T12:00:00+0530,22483.15,22594.5,22480.3,22567.1,0
2026-03-30T12:15:00+0530,22566.9,22594.1,22502.85,22519.15,0
2026-03-30T12:30:00+0530,22519.85,22579.3,22508,22557.05,0
2026-03-30T12:45:00+0530,22557.35,22560.7,22484.05,22505.8,0
2026-03-30T13:00:00+0530,22506.1,22511.4,22481.45,22499.2,0
2026-03-30T13:15:00+0530,22498.55,22516.35,22456.55,22476.45,0
2026-03-30T13:30:00+0530,22476.2,22502.1,22454.85,22462.05,0
2026-03-30T13:45:00+0530,22461.15,22468.15,22420,22428.8,0
2026-03-30T14:00:00+0530,22428.1,22487.2,22417.95,22420.5,0
2026-03-30T14:15:00+0530,22420.2,22431.85,22375.8,22378.05,0
2026-03-30T14:30:00+0530,22376.55,22410.6,22350.65,22366.8,0
2026-03-30T14:45:00+0530,22365.6,22383.4,22337.8,22349.95,0
2026-03-30T15:00:00+0530,22348.5,22348.5,22283.85,22335.6,0
2026-03-30T15:15:00+0530,22335.45,22391,22325.15,22379.2,0
2026-04-01T09:15:00+0530,22899,22930.4,22809,22929.75,0
2026-04-01T09:30:00+0530,22928.55,22937.65,22824.15,22854.95,0
2026-04-01T09:45:00+0530,22851.45,22932.1,22848.5,22893.15,0
2026-04-01T10:00:00+0530,22892.9,22941.3,22862.55,22868.85,0
2026-04-01T10:15:00+0530,22867.9,22879.45,22771.65,22796.5,0
2026-04-01T10:30:00+0530,22797.1,22816.4,22778.35,22807.5,0
2026-04-01T10:45:00+0530,22808.6,22820.25,22769.5,22770.75,0
2026-04-01T11:00:00+0530,22771.35,22791.65,22738.25,22763.75,0
2026-04-01T11:15:00+0530,22763.55,22800.65,22747.7,22790.1,0
2026-04-01T11:30:00+0530,22788.85,22822.65,22786.45,22799.15,0
2026-04-01T11:45:00+0530,22797.65,22798.65,22736.6,22775.9,0
2026-04-01T12:00:00+0530,22774.1,22864.6,22774.1,22859.3,0
2026-04-01T12:15:00+0530,22857.75,22864.2,22817.85,22832.8,0
2026-04-01T12:30:00+0530,22831,22856.35,22816.55,22834.6,0
2026-04-01T12:45:00+0530,22834.95,22881.1,22833.85,22862.05,0
2026-04-01T13:00:00+0530,22862.1,22883.4,22842.7,22883.3,0
2026-04-01T13:15:00+0530,22883.2,22897.95,22795,22807.95,0
2026-04-01T13:30:00+0530,22808.35,22808.35,22648.35,22675.15,0
2026-04-01T13:45:00+0530,22674.85,22725.9,22658.7,22703.65,0
2026-04-01T14:00:00+0530,22703.75,22756.6,22688.2,22753,0
2026-04-01T14:15:00+0530,22754.35,22756.8,22709.95,22733.4,0
2026-04-01T14:30:00+0530,22734.55,22734.9,22641.3,22662.65,0
2026-04-01T14:45:00+0530,22660.6,22685.35,22618.6,22647.8,0
2026-04-01T15:00:00+0530,22651.25,22692.55,22651.25,22671.65,0
2026-04-01T15:15:00+0530,22671.1,22706.3,22668.6,22703.15,0
2026-04-02T09:15:00+0530,22383.4,22394.65,22209.15,22244.45,0
2026-04-02T09:30:00+0530,22244.35,22290.75,22239.45,22264.45,0
2026-04-02T09:45:00+0530,22264.2,22273.2,22205.55,22206.5,0
2026-04-02T10:00:00+0530,22206.8,22236.65,22182.55,22234.35,0
2026-04-02T10:15:00+0530,22234.5,22234.5,22188.95,22217.65,0
2026-04-02T10:30:00+0530,22216.85,22236.2,22206.8,22221.4,0
2026-04-02T10:45:00+0530,22221.2,22249.5,22189.45,22243.7,0
2026-04-02T11:00:00+0530,22244.45,22250.2,22217.95,22227.65,0
2026-04-02T11:15:00+0530,22225.85,22231.3,22202.75,22207.6,0
2026-04-02T11:30:00+0530,22206.5,22239.2,22203.7,22223.15,0
2026-04-02T11:45:00+0530,22224.3,22300.6,22223.1,22277.55,0
2026-04-02T12:00:00+0530,22277.2,22288.75,22244.55,22267.85,0
2026-04-02T12:15:00+0530,22266.95,22295,22231.25,22294.5,0
2026-04-02T12:30:00+0530,22293.2,22368.1,22285.15,22363.05,0
2026-04-02T12:45:00+0530,22363.3,22371.7,22323.55,22365.3,0
2026-04-02T13:00:00+0530,22364.85,22406,22330.9,22369.85,0
2026-04-02T13:15:00+0530,22368.5,22489.05,22360.3,22488.25,0
2026-04-02T13:30:00+0530,22488.45,22543.5,22458,22535.65,0
2026-04-02T13:45:00+0530,22537.8,22561.55,22493.8,22530.35,0
2026-04-02T14:00:00+0530,22529.45,22628.8,22519.85,22627.25,0
2026-04-02T14:15:00+0530,22625.85,22684.7,22618.4,22665.65,0
2026-04-02T14:30:00+0530,22665.55,22706.65,22572.85,22584.6,0
2026-04-02T14:45:00+0530,22584.4,22667.15,22569.15,22658.3,0
2026-04-02T15:00:00+0530,22659,22761.95,22650.8,22760.4,0
2026-04-02T15:15:00+0530,22761.95,22782.3,22673.6,22700.7,0
2026-04-06T09:15:00+0530,22780.3,22798.25,22591.7,22609.05,0
2026-04-06T09:30:00+0530,22604.85,22746.9,22596.5,22620.2,0
2026-04-06T09:45:00+0530,22620.2,22636.35,22566.65,22569.3,0
2026-04-06T10:00:00+0530,22569.1,22656.8,22561.9,22654.85,0
2026-04-06T10:15:00+0530,22659.8,22679.7,22591.3,22634.45,0
2026-04-06T10:30:00+0530,22634.05,22662.65,22598.85,22653.5,0
2026-04-06T10:45:00+0530,22653.95,22669.2,22609.6,22635.85,0
2026-04-06T11:00:00+0530,22635.6,22635.8,22542.95,22567.8,0
2026-04-06T11:15:00+0530,22567.45,22635.65,22558.65,22629.3,0
2026-04-06T11:30:00+0530,22629.15,22650.6,22595.9,22644.4,0
2026-04-06T11:45:00+0530,22644.3,22707.8,22634.55,22676.4,0
2026-04-06T12:00:00+0530,22678.05,22691.95,22659.4,22659.6,0
2026-04-06T12:15:00+0530,22660.35,22731.1,22653.1,22713.4,0
2026-04-06T12:30:00+0530,22713.55,22714.9,22644.45,22675.65,0
2026-04-06T12:45:00+0530,22676.2,22804,22675.45,22802.45,0
2026-04-06T13:00:00+0530,22804.1,22865.25,22758.45,22860.7,0
2026-04-06T13:15:00+0530,22861.3,22898.95,22843.85,22860.2,0
2026-04-06T13:30:00+0530,22863.65,22900.55,22843.5,22850.9,0
2026-04-06T13:45:00+0530,22852.7,22887.4,22843.4,22862.8,0
2026-04-06T14:00:00+0530,22862.45,22913.4,22861.75,22911.4,0
2026-04-06T14:15:00+0530,22911.65,22929.7,22881.4,22895.45,0
2026-04-06T14:30:00+0530,22896.65,22940.7,22895.9,22913.8,0
2026-04-06T14:45:00+0530,22914.3,22930.3,22886.3,22917.15,0
2026-04-06T15:00:00+0530,22917.05,22998.35,22912.45,22989.35,0
2026-04-06T15:15:00+0530,22990.3,22991.2,22954.2,22959.45,0
2026-04-07T09:15:00+0530,22838.7,22893.4,22719.3,22889.85,0
2026-04-07T09:30:00+0530,22891.45,22901.05,22793,22801.8,0
2026-04-07T09:45:00+0530,22803.25,22892.65,22803.25,22886.15,0
2026-04-07T10:00:00+0530,22889.35,22928.7,22879.3,22920,0
2026-04-07T10:15:00+0530,22921.8,22966.6,22915.85,22943.65,0
2026-04-07T10:30:00+0530,22944.5,22965.25,22887.6,22958.85,0
2026-04-07T10:45:00+0530,22960.3,22960.95,22834.65,22843.95,0
2026-04-07T11:00:00+0530,22845.1,22886.7,22827.75,22862.5,0
2026-04-07T11:15:00+0530,22866.05,22947,22852.15,22943.6,0
2026-04-07T11:30:00+0530,22943.5,22960.25,22911.75,22921.25,0
2026-04-07T11:45:00+0530,22922.4,22991.7,22903.8,22984.7,0
2026-04-07T12:00:00+0530,22986.2,22987.75,22906.25,22942.55,0
2026-04-07T12:15:00+0530,22939.95,22947.25,22905.7,22924.75,0
2026-04-07T12:30:00+0530,22926.2,22951.9,22920.3,22946.05,0
2026-04-07T12:45:00+0530,22947.2,22952.05,22912.5,22915.9,0
2026-04-07T13:00:00+0530,22917.4,22956.05,22906.15,22938.85,0
2026-04-07T13:15:00+0530,22941.65,22970.7,22933.75,22959.95,0
2026-04-07T13:30:00+0530,22961.9,23062.4,22961.8,23056.05,0
2026-04-07T13:45:00+0530,23057.5,23063.55,22960.05,22977.7,0
2026-04-07T14:00:00+0530,22979.9,23022.65,22974.1,23011.95,0
2026-04-07T14:15:00+0530,23014.55,23026.15,22982.15,23014.1,0
2026-04-07T14:30:00+0530,23015,23049.95,22989.45,23028.6,0
2026-04-07T14:45:00+0530,23031.4,23101.4,23020.7,23096.7,0
2026-04-07T15:00:00+0530,23096.85,23134.8,23076.5,23109.25,0
2026-04-07T15:15:00+0530,23109.4,23153.85,23106.1,23129.95,0
2026-04-08T09:15:00+0530,23855.15,23938.85,23828.5,23877.85,0
2026-04-08T09:30:00+0530,23878.4,23921.35,23875.9,23920.15,0
2026-04-08T09:45:00+0530,23922.2,23961.25,23891.85,23896.9,0
2026-04-08T10:00:00+0530,23898.8,23935.1,23878.6,23880.45,0
2026-04-08T10:15:00+0530,23881.65,23915.25,23869.1,23909.85,0
2026-04-08T10:30:00+0530,23910.6,23952.95,23904.05,23950.95,0
2026-04-08T10:45:00+0530,23951.65,23984.5,23925.15,23982.15,0
2026-04-08T11:00:00+0530,23984.05,24004.65,23981.3,23991.6,0
2026-04-08T11:15:00+0530,23992.7,24014,23975.5,23982.75,0
2026-04-08T11:30:00+0530,23982.45,23988.3,23947.1,23980.55,0
2026-04-08T11:45:00+0530,23981.55,23998.6,23923.5,23931.2,0
2026-04-08T12:00:00+0530,23932.6,23971.2,23920.15,23963.2,0
2026-04-08T12:15:00+0530,23963.45,23973.95,23949.25,23950.1,0
2026-04-08T12:30:00+0530,23950.95,23950.95,23902.25,23946.35,0
2026-04-08T12:45:00+0530,23946.7,23979.8,23932.35,23978.8,0
2026-04-08T13:00:00+0530,23978.05,23988.6,23948.8,23974.3,0
2026-04-08T13:15:00+0530,23975.1,24001.6,23965.2,23999.15,0
2026-04-08T13:30:00+0530,24000.35,24025.15,23975.4,23975.4,0
2026-04-08T13:45:00+0530,23974.85,23990.05,23953.1,23985.5,0
2026-04-08T14:00:00+0530,23986.35,23986.35,23944,23948.15,0
2026-04-08T14:15:00+0530,23950.6,23988.8,23946.75,23979.55,0
2026-04-08T14:30:00+0530,23980.45,24006.15,23971.9,23999,0
2026-04-08T14:45:00+0530,24001.85,24017.6,23972.55,24002.65,0
2026-04-08T15:00:00+0530,24002.45,24011.5,23955.75,23994.25,0
2026-04-08T15:15:00+0530,23998.1,24018.25,23985.3,24012.35,0
2026-04-09T09:15:00+0530,23909.05,23990.75,23815.15,23984.2,0
2026-04-09T09:30:00+0530,23983.6,23986.1,23856.65,23861.15,0
2026-04-09T09:45:00+0530,23863.9,23883.05,23771.05,23786.3,0
2026-04-09T10:00:00+0530,23785.35,23853.15,23759.45,23839,0
2026-04-09T10:15:00+0530,23839.05,23871.35,23820.2,23848.2,0
2026-04-09T10:30:00+0530,23848.45,23872.2,23803.65,23807.9,0
2026-04-09T10:45:00+0530,23807.95,23843.55,23807.95,23828.75,0
2026-04-09T11:00:00+0530,23828.95,23869.5,23828.15,23855.75,0
2026-04-09T11:15:00+0530,23855.6,23863.85,23814.2,23855.25,0
2026-04-09T11:30:00+0530,23855,23875.5,23844.4,23864.8,0
2026-04-09T11:45:00+0530,23864.8,23905.4,23849.4,23886.35,0
2026-04-09T12:00:00+0530,23887.15,23907.3,23860.25,23881.25,0
2026-04-09T12:15:00+0530,23881.05,23886.9,23854.85,23872.55,0
2026-04-09T12:30:00+0530,23871.75,23885.35,23845.1,23852.3,0
2026-04-09T12:45:00+0530,23853.3,23855.25,23801.6,23830.7,0
2026-04-09T13:00:00+0530,23830.25,23842.6,23804.7,23815.4,0
2026-04-09T13:15:00+0530,23815.85,23817.3,23767.8,23769.3,0
2026-04-09T13:30:00+0530,23769.15,23798.95,23755.6,23760.15,0
2026-04-09T13:45:00+0530,23759.85,23785.45,23740.15,23767.85,0
2026-04-09T14:00:00+0530,23767.85,23800,23751.8,23753.2,0
2026-04-09T14:15:00+0530,23753.45,23760.95,23709.85,23720.3,0
2026-04-09T14:30:00+0530,23720,23744.9,23682.8,23729.75,0
2026-04-09T14:45:00+0530,23728.8,23752.15,23720.5,23741.05,0
2026-04-09T15:00:00+0530,23742.45,23806.8,23726.9,23793.35,0
2026-04-09T15:15:00+0530,23792.95,23794.35,23758.95,23766.05,0
2026-04-10T09:15:00+0530,23880.55,23978.7,23856.35,23937.35,0
2026-04-10T09:30:00+0530,23938.05,23959.5,23921.85,23948.6,0
2026-04-10T09:45:00+0530,23949.3,23998.25,23943.65,23988.45,0
2026-04-10T10:00:00+0530,23988.65,24002.85,23916.3,23994.95,0
2026-04-10T10:15:00+0530,23996.9,24036.2,23996.9,24010,0
2026-04-10T10:30:00+0530,24008.9,24026.1,24001,24003.75,0
2026-04-10T10:45:00+0530,24003.65,24009.05,23972.3,23999.7,0
2026-04-10T11:00:00+0530,23999.8,24021.35,23993.95,24012.05,0
2026-04-10T11:15:00+0530,24011.35,24015.35,23971.3,23972.15,0
2026-04-10T11:30:00+0530,23972.8,24007.4,23970.05,23980.95,0
2026-04-10T11:45:00+0530,23979.7,23996,23953.8,23994.7,0
2026-04-10T12:00:00+0530,23994.3,24019.55,23984.95,24009.1,0
2026-04-10T12:15:00+0530,24007.9,24032.6,23991.15,24009.35,0
2026-04-10T12:30:00+0530,24010.4,24022,23995.3,24004.3,0
2026-04-10T12:45:00+0530,24003.65,24018.95,23986.15,24004.9,0
2026-04-10T13:00:00+0530,24005.3,24021.75,23999.35,24003.15,0
2026-04-10T13:15:00+0530,24003.4,24010.75,23996,24007.5,0
2026-04-10T13:30:00+0530,24007,24025.7,23999.15,24020.7,0
2026-04-10T13:45:00+0530,24020.15,24044.9,24002.35,24041.2,0
2026-04-10T14:00:00+0530,24041,24048.2,23998.45,24020.4,0
2026-04-10T14:15:00+0530,24020.45,24021.8,23938.6,23965.35,0
2026-04-10T14:30:00+0530,23964.65,23993.45,23947.25,23982.9,0
2026-04-10T14:45:00+0530,23981.85,24006.15,23956.75,23994.2,0
2026-04-10T15:00:00+0530,23994.85,24074.05,23994.85,24058.1,0
2026-04-10T15:15:00+0530,24057.2,24063.45,24045.9,24050.5,0
2026-04-13T09:15:00+0530,23589.6,23699.7,23555.6,23604.7,0
2026-04-13T09:30:00+0530,23604.3,23644,23580.35,23633.5,0
2026-04-13T09:45:00+0530,23634.3,23680.4,23612.45,23669.05,0
2026-04-13T10:00:00+0530,23668.8,23682.65,23653.15,23660.05,0
2026-04-13T10:15:00+0530,23655.5,23732.3,23634.05,23721.5,0
2026-04-13T10:30:00+0530,23721.8,23738.55,23696.3,23723.55,0
2026-04-13T10:45:00+0530,23723.2,23757.95,23721.85,23740,0
2026-04-13T11:00:00+0530,23737.45,23752.3,23730.4,23743.7,0
2026-04-13T11:15:00+0530,23743.75,23762.75,23731.1,23740.5,0
2026-04-13T11:30:00+0530,23740.65,23772.3,23729.4,23756.15,0
2026-04-13T11:45:00+0530,23756.75,23811.35,23754.6,23785.65,0
2026-04-13T12:00:00+0530,23785.95,23816.2,23785.45,23814.6,0
2026-04-13T12:15:00+0530,23814.7,23836.55,23796,23836.55,0
2026-04-13T12:30:00+0530,23837.6,23847.75,23821.5,23841.35,0
2026-04-13T12:45:00+0530,23842.15,23845.7,23780.9,23806.45,0
2026-04-13T13:00:00+0530,23806.8,23822.4,23771.75,23820.65,0
2026-04-13T13:15:00+0530,23821.25,23839.8,23805.25,23823.4,0
2026-04-13T13:30:00+0530,23824.55,23856.8,23822.9,23835.45,0
2026-04-13T13:45:00+0530,23835.85,23907.4,23831.9,23893.7,0
2026-04-13T14:00:00+0530,23893.05,23897.3,23835.2,23854.5,0
2026-04-13T14:15:00+0530,23854.75,23881.65,23834.6,23866.05,0
2026-04-13T14:30:00+0530,23865.45,23897.45,23855.75,23866.35,0
2026-04-13T14:45:00+0530,23866.05,23897.4,23854.6,23883.7,0
2026-04-13T15:00:00+0530,23884.95,23888.2,23822.25,23845.4,0
2026-04-13T15:15:00+0530,23843.65,23846.4,23814.65,23818.9,0
2026-04-15T09:15:00+0530,24163.8,24280.9,24162.7,24192.45,0
2026-04-15T09:30:00+0530,24193.5,24215.95,24145.8,24207.35,0
2026-04-15T09:45:00+0530,24207.05,24225.2,24186.7,24216,0
2026-04-15T10:00:00+0530,24216.8,24253.35,24214.05,24241.65,0
2026-04-15T10:15:00+0530,24241.55,24272.55,24241.55,24260.1,0
2026-04-15T10:30:00+0530,24260.4,24273.15,24235.45,24243.1,0
2026-04-15T10:45:00+0530,24242.5,24255.75,24208.8,24216.1,0
2026-04-15T11:00:00+0530,24216.35,24216.5,24177.6,24184.25,0
2026-04-15T11:15:00+0530,24184.5,24207.5,24174.5,24188.05,0
2026-04-15T11:30:00+0530,24188.1,24211.05,24184.65,24210.35,0
2026-04-15T11:45:00+0530,24210.6,24226.25,24202.15,24217.1,0
2026-04-15T12:00:00+0530,24217.75,24234.95,24217.45,24226.85,0
2026-04-15T12:15:00+0530,24227,24235.65,24200.4,24219.75,0
2026-04-15T12:30:00+0530,24219.8,24236.65,24213.05,24228.05,0
2026-04-15T12:45:00+0530,24228.75,24234.85,24203.95,24207.85,0
2026-04-15T13:00:00+0530,24207.5,24222.75,24200.2,24220.55,0
2026-04-15T13:15:00+0530,24220.65,24238.55,24187.75,24196.95,0
2026-04-15T13:30:00+0530,24196.9,24223.3,24191.25,24215.75,0
2026-04-15T13:45:00+0530,24215.9,24225.2,24194.35,24221.25,0
2026-04-15T14:00:00+0530,24221.8,24238.1,24219.5,24226.6,0
2026-04-15T14:15:00+0530,24227.05,24242.25,24214.4,24233.35,0
2026-04-15T14:30:00+0530,24232.9,24237.9,24220.15,24233.15,0
2026-04-15T14:45:00+0530,24233,24264.2,24232.35,24261.25,0
2026-04-15T15:00:00+0530,24262.2,24265.75,24223.95,24227.85,0
2026-04-15T15:15:00+0530,24228.7,24230.35,24206.5,24211.9,0
2026-04-16T09:15:00+0530,24385.2,24400.95,24333.95,24385.85,0
2026-04-16T09:30:00+0530,24385.65,24396.05,24299.05,24301.95,0
2026-04-16T09:45:00+0530,24302.75,24337.05,24270.55,24271.55,0
2026-04-16T10:00:00+0530,24271.65,24319.85,24264.4,24307.6,0
2026-04-16T10:15:00+0530,24306.15,24328.8,24292.5,24300.75,0
2026-04-16T10:30:00+0530,24301.05,24325.85,24292.45,24307.65,0
2026-04-16T10:45:00+0530,24307.45,24327.9,24302.15,24309.55,0
2026-04-16T11:00:00+0530,24309.3,24333.2,24303.65,24313.9,0
2026-04-16T11:15:00+0530,24313.2,24328.95,24282.75,24299.15,0
2026-04-16T11:30:00+0530,24300.25,24304.25,24252.9,24254.7,0
2026-04-16T11:45:00+0530,24254.3,24254.3,24194.7,24197.2,0
2026-04-16T12:00:00+0530,24196.3,24197.8,24153.05,24184.8,0
2026-04-16T12:15:00+0530,24182.95,24189.7,24152.25,24162.95,0
2026-04-16T12:30:00+0530,24162.95,24169.75,24131.8,24139.05,0
2026-04-16T12:45:00+0530,24140.8,24157.1,24116.95,24144.55,0
2026-04-16T13:00:00+0530,24144.5,24160.2,24107.45,24122.3,0
2026-04-16T13:15:00+0530,24122.6,24142.45,24102.8,24116.05,0
2026-04-16T13:30:00+0530,24116.1,24140.1,24115.3,24137.75,0
2026-04-16T13:45:00+0530,24137.85,24190.5,24137.45,24183.2,0
2026-04-16T14:00:00+0530,24181.9,24183.95,24132.45,24166.7,0
2026-04-16T14:15:00+0530,24166.7,24186.9,24153.75,24186.6,0
2026-04-16T14:30:00+0530,24186.5,24234.55,24186.5,24219.65,0
2026-04-16T14:45:00+0530,24219.5,24245,24214.6,24230.05,0
2026-04-16T15:00:00+0530,24229.45,24238.3,24163.45,24183.9,0
2026-04-16T15:15:00+0530,24184.25,24203.25,24177.8,24188.4,0
2026-04-17T09:15:00+0530,24165.9,24235.6,24096.05,24233.35,0
2026-04-17T09:30:00+0530,24232.6,24234.75,24166.9,24191.35,0
2026-04-17T09:45:00+0530,24192.75,24238.55,24190,24232.1,0
2026-04-17T10:00:00+0530,24231.4,24279.85,24205.4,24272.95,0
2026-04-17T10:15:00+0530,24273.45,24304.55,24273.45,24285.85,0
2026-04-17T10:30:00+0530,24285.9,24296.3,24244.05,24260.4,0
2026-04-17T10:45:00+0530,24260.45,24270,24252.6,24254.95,0
2026-04-17T11:00:00+0530,24255.7,24275.15,24237.75,24265.1,0
2026-04-17T11:15:00+0530,24264.65,24282.15,24264.65,24275.25,0
2026-04-17T11:30:00+0530,24275.8,24302.6,24273.5,24294.9,0
2026-04-17T11:45:00+0530,24295.6,24323.1,24269.65,24271.45,0
2026-04-17T12:00:00+0530,24271.65,24292.55,24253.15,24285.6,0
2026-04-17T12:15:00+0530,24286.2,24293.7,24280.7,24284,0
2026-04-17T12:30:00+0530,24283.95,24285.05,24260.25,24267,0
2026-04-17T12:45:00+0530,24267.15,24277.95,24259.9,24266.1,0
2026-04-17T13:00:00+0530,24267,24292.95,24264.85,24285.05,0
2026-04-17T13:15:00+0530,24284.3,24289.35,24265.4,24289.35,0
2026-04-17T13:30:00+0530,24289.5,24312.8,24287.45,24301.9,0
2026-04-17T13:45:00+0530,24301.6,24309.1,24294.05,24303.3,0
2026-04-17T14:00:00+0530,24303.65,24317.75,24300.85,24306.85,0
2026-04-17T14:15:00+0530,24307.5,24327.1,24305.1,24307.1,0
2026-04-17T14:30:00+0530,24307.4,24343.4,24304.75,24340.45,0
2026-04-17T14:45:00+0530,24339.85,24357.8,24338,24349.85,0
2026-04-17T15:00:00+0530,24349.6,24358.25,24320.1,24354.55,0
2026-04-17T15:15:00+0530,24353.65,24371.9,24348.1,24366.9,0
2026-04-20T09:15:00+0530,24391.5,24420.2,24241.25,24383,0
2026-04-20T09:30:00+0530,24383.15,24389.75,24295.6,24302.75,0
2026-04-20T09:45:00+0530,24301.85,24344.1,24281.2,24331.75,0
2026-04-20T10:00:00+0530,24331.05,24388.3,24326.35,24379.6,0
2026-04-20T10:15:00+0530,24379.95,24413.5,24370.5,24409.65,0
2026-04-20T10:30:00+0530,24409.5,24448.5,24409.5,24439.05,0
2026-04-20T10:45:00+0530,24439.35,24439.7,24410.9,24430.1,0
2026-04-20T11:00:00+0530,24431.1,24440.1,24395.9,24407.65,0
2026-04-20T11:15:00+0530,24408.45,24467.6,24407.2,24464.75,0
2026-04-20T11:30:00+0530,24463.8,24471.15,24439.9,24462.75,0
2026-04-20T11:45:00+0530,24462.4,24473.25,24456.4,24463.35,0
2026-04-20T12:00:00+0530,24463.25,24469.6,24421.75,24433.2,0
2026-04-20T12:15:00+0530,24433.2,24463.45,24426,24461.4,0
2026-04-20T12:30:00+0530,24461,24470.5,24453.15,24462.35,0
2026-04-20T12:45:00+0530,24462.1,24480.65,24460.75,24462.05,0
2026-04-20T13:00:00+0530,24461.85,24463.15,24394.35,24414.3,0
2026-04-20T13:15:00+0530,24414.05,24424.6,24359.2,24392,0
2026-04-20T13:30:00+0530,24392.65,24404.8,24369.2,24396.35,0
2026-04-20T13:45:00+0530,24395.6,24397.8,24369.9,24395.35,0
2026-04-20T14:00:00+0530,24395.75,24396.05,24372.25,24393.75,0
2026-04-20T14:15:00+0530,24393.95,24438,24388.1,24431.25,0
2026-04-20T14:30:00+0530,24431.5,24431.6,24390.8,24401.25,0
2026-04-20T14:45:00+0530,24402.35,24410.4,24371.95,24407.9,0
2026-04-20T15:00:00+0530,24407.9,24424.6,24381,24381.8,0
2026-04-20T15:15:00+0530,24382.25,24383.2,24318,24330.9,0
2026-04-21T09:15:00+0530,24374.55,24486,24354.9,24449.15,0
2026-04-21T09:30:00+0530,24449.75,24477.65,24442.45,24466.6,0
2026-04-21T09:45:00+0530,24465.95,24512.35,24465.95,24499.95,0
2026-04-21T10:00:00+0530,24500.65,24524.85,24498.3,24513.45,0
2026-04-21T10:15:00+0530,24513.4,24524.65,24487.5,24493.6,0
2026-04-21T10:30:00+0530,24494.15,24535.15,24491.2,24528.05,0
2026-04-21T10:45:00+0530,24527.85,24561.5,24517.65,24549.25,0
2026-04-21T11:00:00+0530,24549.55,24565.1,24540,24556.45,0
2026-04-21T11:15:00+0530,24555.1,24557.1,24529.95,24539.2,0
2026-04-21T11:30:00+0530,24537.3,24539.2,24513.65,24528,0
2026-04-21T11:45:00+0530,24527.85,24543.95,24521.8,24531.65,0
2026-04-21T12:00:00+0530,24531.8,24569.15,24527.2,24559,0
2026-04-21T12:15:00+0530,24558.2,24570.95,24545.6,24547.2,0
2026-04-21T12:30:00+0530,24547.65,24571.25,24545.85,24552.55,0
2026-04-21T12:45:00+0530,24552.4,24553.9,24527.7,24537.9,0
2026-04-21T13:00:00+0530,24538.7,24546.1,24525.35,24540.7,0
2026-04-21T13:15:00+0530,24540.7,24555.8,24536.25,24552.35,0
2026-04-21T13:30:00+0530,24552.6,24569.8,24523.5,24533.5,0
2026-04-21T13:45:00+0530,24532.85,24563.8,24526.6,24554.6,0
2026-04-21T14:00:00+0530,24554.35,24556.75,24522.6,24537.2,0
2026-04-21T14:15:00+0530,24537.85,24584.65,24535.7,24572.6,0
2026-04-21T14:30:00+0530,24573.6,24574.45,24526.05,24535.45,0
2026-04-21T14:45:00+0530,24538.05,24572.85,24534.9,24568.2,0
2026-04-21T15:00:00+0530,24567.3,24600.45,24548.9,24573.9,0
2026-04-21T15:15:00+0530,24573.9,24601.7,24567.4,24580.6,0
2026-04-22T09:15:00+0530,24470.85,24515.95,24434.4,24440.4,0
2026-04-22T09:30:00+0530,24439.45,24466.45,24420.5,24424.4,0
2026-04-22T09:45:00+0530,24424.8,24433.55,24381.35,24382.25,0
2026-04-22T10:00:00+0530,24382.9,24390.5,24352.9,24373.15,0
2026-04-22T10:15:00+0530,24372.9,24385.55,24353.7,24373.05,0
2026-04-22T10:30:00+0530,24372.3,24418.2,24367.2,24416.35,0
2026-04-22T10:45:00+0530,24416.25,24447.8,24409.05,24439.9,0
2026-04-22T11:00:00+0530,24440.2,24441.2,24412.3,24428.15,0
2026-04-22T11:15:00+0530,24427.95,24449.7,24424.25,24435.45,0
2026-04-22T11:30:00+0530,24435.95,24448.7,24417.05,24417.2,0
2026-04-22T11:45:00+0530,24416.8,24428.25,24390.55,24426.9,0
2026-04-22T12:00:00+0530,24426.85,24436.35,24409.75,24419.15,0
2026-04-22T12:15:00+0530,24418.65,24422.75,24400.15,24409.9,0
2026-04-22T12:30:00+0530,24410.2,24422.15,24395.5,24418.45,0
2026-04-22T12:45:00+0530,24419.2,24433.4,24403.55,24429.75,0
2026-04-22T13:00:00+0530,24431.8,24437.7,24417.8,24431.25,0
2026-04-22T13:15:00+0530,24429.75,24433.15,24385.45,24415.6,0
2026-04-22T13:30:00+0530,24415.9,24433.55,24409,24431.9,0
2026-04-22T13:45:00+0530,24431.5,24453.05,24415.1,24449.55,0
2026-04-22T14:00:00+0530,24449.85,24458.25,24405.9,24415,0
2026-04-22T14:15:00+0530,24416.45,24418.1,24390.7,24405.6,0
2026-04-22T14:30:00+0530,24405.65,24430,24402.8,24413.15,0
2026-04-22T14:45:00+0530,24412.75,24430.25,24408.5,24425.75,0
2026-04-22T15:00:00+0530,24423.15,24423.15,24374.15,24382.4,0
2026-04-22T15:15:00+0530,24382.05,24392.65,24356.7,24367.65,0
2026-04-23T09:15:00+0530,24202.35,24242.5,24134.8,24230.5,0
2026-04-23T09:30:00+0530,24230.5,24256.9,24193.5,24242.65,0
2026-04-23T09:45:00+0530,24244.7,24298.95,24233.6,24287.5,0
2026-04-23T10:00:00+0530,24288,24310.2,24266.05,24275.35,0
2026-04-23T10:15:00+0530,24276.8,24291.65,24260.6,24261.3,0
2026-04-23T10:30:00+0530,24263.5,24265.4,24217.65,24220,0
2026-04-23T10:45:00+0530,24221.3,24222.7,24185.2,24215.35,0
2026-04-23T11:00:00+0530,24216,24225.65,24191.1,24191.85,0
2026-04-23T11:15:00+0530,24193.2,24210.35,24186.75,24197.75,0
2026-04-23T11:30:00+0530,24198.15,24203.95,24177.65,24178.15,0
2026-04-23T11:45:00+0530,24179,24218.1,24172.85,24206.1,0
2026-04-23T12:00:00+0530,24208.05,24225.9,24195.95,24222.5,0
2026-04-23T12:15:00+0530,24222.95,24231.5,24179.35,24180.1,0
2026-04-23T12:30:00+0530,24182.6,24203,24167.1,24201.65,0
2026-04-23T12:45:00+0530,24202.6,24217.05,24186.5,24214.7,0
2026-04-23T13:00:00+0530,24215.85,24218.5,24200.75,24216.2,0
2026-04-23T13:15:00+0530,24217.25,24281.1,24208.2,24271.45,0
2026-04-23T13:30:00+0530,24271.75,24272.45,24204.3,24213.7,0
2026-04-23T13:45:00+0530,24214.95,24252.75,24207.75,24241.5,0
2026-04-23T14:00:00+0530,24242.1,24242.75,24207.65,24209.2,0
2026-04-23T14:15:00+0530,24209.1,24221.4,24189.2,24189.45,0
2026-04-23T14:30:00+0530,24190.95,24190.95,24160.65,24162.6,0
2026-04-23T14:45:00+0530,24163.75,24194.05,24157.95,24180.85,0
2026-04-23T15:00:00+0530,24181.8,24216.7,24159,24160,0
2026-04-23T15:15:00+0530,24161.3,24175.1,24149.8,24156.05,0
2026-04-24T09:15:00+0530,24100.55,24206,24056.6,24058.1,0
2026-04-24T09:30:00+0530,24058.05,24061.6,23983.75,23983.75,0
2026-04-24T09:45:00+0530,23985.4,23987.15,23944.1,23955,0
2026-04-24T10:00:00+0530,23954.9,24003.35,23954.5,23992.85,0
2026-04-24T10:15:00+0530,23992.25,23992.25,23937.25,23957.7,0
2026-04-24T10:30:00+0530,23956.2,23971.2,23932.25,23932.25,0
2026-04-24T10:45:00+0530,23933.4,23944.85,23914.9,23925.4,0
2026-04-24T11:00:00+0530,23925.55,23943.8,23909.55,23916.2,0
2026-04-24T11:15:00+0530,23915.1,23942.75,23903.25,23931.3,0
2026-04-24T11:30:00+0530,23930.4,23949.3,23922.65,23927.05,0
2026-04-24T11:45:00+0530,23926.3,23926.65,23893.4,23898.25,0
2026-04-24T12:00:00+0530,23897.75,23933.05,23894.15,23930.65,0
2026-04-24T12:15:00+0530,23930.8,23936.5,23878.8,23881.8,0
2026-04-24T12:30:00+0530,23881.85,23910.7,23880.3,23882.1,0
2026-04-24T12:45:00+0530,23881.1,23919.05,23881.1,23904.35,0
2026-04-24T13:00:00+0530,23904.3,23905.5,23851.15,23865.5,0
2026-04-24T13:15:00+0530,23865.6,23880.05,23855.9,23878.3,0
2026-04-24T13:30:00+0530,23878.4,23878.55,23826.2,23830.4,0
2026-04-24T13:45:00+0530,23829.6,23858.55,23829.6,23846.3,0
2026-04-24T14:00:00+0530,23847.6,23849.95,23813.65,23841.65,0
2026-04-24T14:15:00+0530,23841.45,23890.35,23840.15,23888.55,0
2026-04-24T14:30:00+0530,23887.75,23926.9,23885.95,23926,0
2026-04-24T14:45:00+0530,23925.45,23930.5,23905.05,23920.9,0
2026-04-24T15:00:00+0530,23920.65,23920.65,23863.3,23895.45,0
2026-04-24T15:15:00+0530,23895.25,23924.2,23894.5,23903.95,0
2026-04-27T09:15:00+0530,23945.45,24067.5,23936.2,24042,0
2026-04-27T09:30:00+0530,24045.05,24057.7,23998.3,24045.4,0
2026-04-27T09:45:00+0530,24043.9,24107.6,24043.45,24099.05,0
2026-04-27T10:00:00+0530,24098.75,24102.65,24061.7,24063.3,0
2026-04-27T10:15:00+0530,24063.9,24103.15,24045.4,24058.3,0
2026-04-27T10:30:00+0530,24058.1,24061.2,24013,24043.45,0
2026-04-27T10:45:00+0530,24041.6,24088.95,24025.75,24072.2,0
2026-04-27T11:00:00+0530,24071.95,24076.6,24026.85,24056.9,0
2026-04-27T11:15:00+0530,24055.45,24077.5,24029.7,24030.95,0
2026-04-27T11:30:00+0530,24031.65,24039.85,23974.4,23998.65,0
2026-04-27T11:45:00+0530,23998.45,24039.9,23984.3,24037.2,0
2026-04-27T12:00:00+0530,24036.2,24045.15,24022.8,24040.5,0
2026-04-27T12:15:00+0530,24039.85,24066.1,24031.2,24059,0
2026-04-27T12:30:00+0530,24057.75,24092.85,24056.95,24075.7,0
2026-04-27T12:45:00+0530,24074.75,24084,24065.45,24071.5,0
2026-04-27T13:00:00+0530,24071.7,24100,24069.4,24099.75,0
2026-04-27T13:15:00+0530,24100.2,24120.55,24093.3,24107.5,0
2026-04-27T13:30:00+0530,24107.8,24127.2,24099.4,24116.25,0
2026-04-27T13:45:00+0530,24114.75,24129.55,24102.45,24114.25,0
2026-04-27T14:00:00+0530,24113.35,24124.55,24105.65,24122.2,0
2026-04-27T14:15:00+0530,24122.1,24124,24102.2,24111.2,0
2026-04-27T14:30:00+0530,24109.9,24112.5,24078.9,24110.65,0
2026-04-27T14:45:00+0530,24110.05,24130.7,24097.8,24121.95,0
2026-04-27T15:00:00+0530,24118.2,24119.45,24088.95,24094.3,0
2026-04-27T15:15:00+0530,24095.15,24112.75,24077.85,24110.2,0
2026-04-28T09:15:00+0530,24049.9,24133.65,23999.25,24115.35,0
2026-04-28T09:30:00+0530,24116.2,24133.75,24090.55,24128.3,0
2026-04-28T09:45:00+0530,24130.8,24156.6,24112.95,24155.3,0
2026-04-28T10:00:00+0530,24154.35,24168.55,24145.05,24148.3,0
2026-04-28T10:15:00+0530,24148.4,24181.8,24144.5,24166.8,0
2026-04-28T10:30:00+0530,24168.2,24171.95,24124.25,24134.85,0
2026-04-28T10:45:00+0530,24135.6,24174.65,24134.35,24167.8,0
2026-04-28T11:00:00+0530,24169.85,24169.85,24132.6,24148,0
2026-04-28T11:15:00+0530,24148.15,24148.95,24057.9,24058,0
2026-04-28T11:30:00+0530,24057.85,24086.75,24045.35,24085.4,0
2026-04-28T11:45:00+0530,24086.45,24093.8,24055.6,24056,0
2026-04-28T12:00:00+0530,24058.1,24058.6,24029.3,24048.25,0
2026-04-28T12:15:00+0530,24046.85,24057.45,24003.85,24012.45,0
2026-04-28T12:30:00+0530,24011.9,24031,23992.3,24029.85,0
2026-04-28T12:45:00+0530,24030.8,24040.45,24006,24007.35,0
2026-04-28T13:00:00+0530,24007.9,24034,23999.7,24017.6,0
2026-04-28T13:15:00+0530,24018.7,24049,24018.05,24019.45,0
2026-04-28T13:30:00+0530,24021.05,24022.05,23961.25,24002.65,0
2026-04-28T13:45:00+0530,24003.05,24029.85,23985.75,24010.55,0
2026-04-28T14:00:00+0530,24011.6,24011.75,23981.95,23981.95,0
2026-04-28T14:15:00+0530,23983.2,24013.45,23972.95,23997.4,0
2026-04-28T14:30:00+0530,23998.95,24036.6,23998.45,24032.2,0
2026-04-28T14:45:00+0530,24032,24046.45,24019.1,24039.15,0
2026-04-28T15:00:00+0530,24039.85,24042.45,23968.65,23972.45,0
2026-04-28T15:15:00+0530,23972.45,24016.5,23957.05,24016.5,0
2026-04-29T09:15:00+0530,24096.9,24123.55,24059.95,24111.55,0
2026-04-29T09:30:00+0530,24110.45,24144.45,24087.35,24141.35,0
2026-04-29T09:45:00+0530,24142.65,24180.5,24141.8,24173.2,0
2026-04-29T10:00:00+0530,24174.6,24236.8,24174.6,24233.8,0
2026-04-29T10:15:00+0530,24235.2,24296.3,24234.65,24290.15,0
2026-04-29T10:30:00+0530,24290.4,24291.7,24263.1,24267.45,0
2026-04-29T10:45:00+0530,24268.4,24290.65,24254.8,24287.1,0
2026-04-29T11:00:00+0530,24288.25,24298.95,24273.1,24288.15,0
2026-04-29T11:15:00+0530,24289.9,24295.35,24260,24263.25,0
2026-04-29T11:30:00+0530,24266.1,24286.4,24263.5,24271.85,0
2026-04-29T11:45:00+0530,24273.3,24277.85,24263.65,24276.95,0
2026-04-29T12:00:00+0530,24278.2,24311.9,24267.55,24293.15,0
2026-04-29T12:15:00+0530,24295.1,24317.1,24293.2,24307.1,0
2026-04-29T12:30:00+0530,24309.35,24331.8,24305.5,24321.6,0
2026-04-29T12:45:00+0530,24323.15,24329.7,24314.6,24316.85,0
2026-04-29T13:00:00+0530,24318.95,24334.7,24311.5,24318.2,0
2026-04-29T13:15:00+0530,24319.7,24325.85,24304.6,24305.2,0
2026-04-29T13:30:00+0530,24307.25,24317,24267.5,24272.55,0
2026-04-29T13:45:00+0530,24273.65,24283.3,24254.95,24254.95,0
2026-04-29T14:00:00+0530,24256.2,24259.85,24197.45,24214.6,0
2026-04-29T14:15:00+0530,24215.6,24217.5,24184.95,24186.7,0
2026-04-29T14:30:00+0530,24188.45,24229.25,24182.1,24229.15,0
2026-04-29T14:45:00+0530,24230.7,24230.7,24183.9,24185.45,0
2026-04-29T15:00:00+0530,24187.35,24209.8,24168.65,24170.15,0
2026-04-29T15:15:00+0530,24170,24171.4,24142.95,24163.6,0
2026-04-30T09:15:00+0530,23996.95,24019.15,23872.75,23876.95,0
2026-04-30T09:30:00+0530,23874.1,23939.6,23864.55,23937.8,0
2026-04-30T09:45:00+0530,23938.3,23956.45,23875.35,23880.2,0
2026-04-30T10:00:00+0530,23880,23880,23824.1,23828.6,0
2026-04-30T10:15:00+0530,23828.7,23845.75,23800.65,23827.6,0
2026-04-30T10:30:00+0530,23827.1,23857.3,23821.35,23843.7,0
2026-04-30T10:45:00+0530,23842.5,23844.3,23799.05,23815.85,0
2026-04-30T11:00:00+0530,23816.4,23833.1,23798.5,23799.9,0
2026-04-30T11:15:00+0530,23800.9,23835.15,23796.85,23831.65,0
2026-04-30T11:30:00+0530,23831.1,23853.15,23821.7,23835.65,0
2026-04-30T11:45:00+0530,23835.05,23848.95,23826.3,23842.55,0
2026-04-30T12:00:00+0530,23842.45,23899.75,23830.35,23899.75,0
2026-04-30T12:15:00+0530,23899.05,23919.6,23873.3,23911.45,0
2026-04-30T12:30:00+0530,23912,23918.35,23892.25,23912.95,0
2026-04-30T12:45:00+0530,23912.65,23943.45,23912.55,23936.85,0
2026-04-30T13:00:00+0530,23935.75,23956.3,23908.05,23950.15,0
2026-04-30T13:15:00+0530,23948.85,23982.45,23938.35,23971.15,0
2026-04-30T13:30:00+0530,23970.55,24031.7,23962.6,24029.8,0
2026-04-30T13:45:00+0530,24029.05,24061.1,24011.6,24055.05,0
2026-04-30T14:00:00+0530,24054.9,24057.6,24015.5,24022.85,0
2026-04-30T14:15:00+0530,24021.5,24032.8,23984.45,24007.15,0
2026-04-30T14:30:00+0530,24006.15,24087.45,24004.8,24075.1,0
2026-04-30T14:45:00+0530,24074.75,24081.25,24013,24050.2,0
2026-04-30T15:00:00+0530,24051.95,24051.95,23962.95,23991.3,0
2026-04-30T15:15:00+0530,23992.1,24051.8,23984.65,24043.7,0
2026-05-04T09:15:00+0530,24063.55,24245.85,24061.85,24214.55,0
2026-05-04T09:30:00+0530,24215.6,24290.2,24181.05,24276.65,0
2026-05-04T09:45:00+0530,24279.25,24283.8,24225.25,24246.2,0
2026-05-04T10:00:00+0530,24247.25,24259.75,24172.45,24175.2,0
2026-05-04T10:15:00+0530,24175.3,24196.85,24142.8,24196.65,0
2026-05-04T10:30:00+0530,24197.5,24223.35,24172.2,24219.15,0
2026-05-04T10:45:00+0530,24219.3,24240.65,24186.2,24187.25,0
2026-05-04T11:00:00+0530,24188.3,24227.8,24175.65,24227.25,0
2026-05-04T11:15:00+0530,24227.5,24242.25,24224.1,24237.4,0
2026-05-04T11:30:00+0530,24237.3,24242.8,24218.55,24228.45,0
2026-05-04T11:45:00+0530,24229,24249.15,24212.9,24221.05,0
2026-05-04T12:00:00+0530,24222.5,24229.9,24115.8,24117,0
2026-05-04T12:15:00+0530,24117.35,24154.1,24106.5,24132.8,0
2026-05-04T12:30:00+0530,24132.65,24134.65,24098.55,24100.55,0
2026-05-04T12:45:00+0530,24100.95,24119.05,24083.6,24103.8,0
2026-05-04T13:00:00+0530,24104.2,24121.35,24090.55,24109.1,0
2026-05-04T13:15:00+0530,24109.05,24111.75,24024.7,24024.7,0
2026-05-04T13:30:00+0530,24023.35,24090.65,24004.75,24086.8,0
2026-05-04T13:45:00+0530,24087,24108.9,24050.4,24072.25,0
2026-05-04T14:00:00+0530,24072.25,24111.6,24053.8,24103.75,0
2026-05-04T14:15:00+0530,24105,24149.7,24102.7,24122.7,0
2026-05-04T14:30:00+0530,24123.75,24131.95,24072.15,24096,0
2026-05-04T14:45:00+0530,24096.15,24111.5,24071,24089.25,0
2026-05-04T15:00:00+0530,24091,24135.05,24074.95,24123.25,0
2026-05-04T15:15:00+0530,24125.05,24135.45,24110.2,24123.8,0
2026-05-05T09:15:00+0530,24052.6,24072.1,23949.4,23992.05,0
2026-05-05T09:30:00+0530,23990.6,24060.55,23988.1,24013.75,0
2026-05-05T09:45:00+0530,24013.55,24055.45,24005.85,24043.05,0
2026-05-05T10:00:00+0530,24042.55,24053.9,23978.5,23986,0
2026-05-05T10:15:00+0530,23986.1,23994.45,23944.65,23954.4,0
2026-05-05T10:30:00+0530,23952.2,23966.8,23922.9,23937.95,0
2026-05-05T10:45:00+0530,23937.25,23950.3,23914.35,23925.95,0
2026-05-05T11:00:00+0530,23925.15,23952.75,23913.55,23939,0
2026-05-05T11:15:00+0530,23937.8,23961.55,23924.35,23935.15,0
2026-05-05T11:30:00+0530,23935.3,23966.75,23916.05,23916.05,0
2026-05-05T11:45:00+0530,23915.4,23919.2,23882.05,23888.95,0
2026-05-05T12:00:00+0530,23888.15,23949.3,23888.15,23946.45,0
2026-05-05T12:15:00+0530,23945.95,23977.95,23940.85,23943.2,0
2026-05-05T12:30:00+0530,23943.9,23974.45,23933.8,23952.85,0
2026-05-05T12:45:00+0530,23952.55,24014.25,23952.55,24011.9,0
2026-05-05T13:00:00+0530,24012.6,24080.75,24010.65,24068.8,0
2026-05-05T13:15:00+0530,24067.35,24081.7,24030.6,24039.95,0
2026-05-05T13:30:00+0530,24041.4,24056.7,24016.65,24050.45,0
2026-05-05T13:45:00+0530,24051.15,24062.15,24020.5,24038.1,0
2026-05-05T14:00:00+0530,24035.85,24047.8,24002.15,24016.8,0
2026-05-05T14:15:00+0530,24017.2,24061,24013.1,24058.3,0
2026-05-05T14:30:00+0530,24059.3,24060.65,24019.4,24042.1,0
2026-05-05T14:45:00+0530,24041.55,24045.8,23999.6,24010.8,0
2026-05-05T15:00:00+0530,24011.9,24043.85,23997.85,24041.65,0
2026-05-05T15:15:00+0530,24041.65,24059.7,24037.05,24052.15,0
2026-05-06T09:15:00+0530,24171,24250.85,24156.95,24171.6,0
2026-05-06T09:30:00+0530,24174.6,24185.25,24131.75,24138.45,0
2026-05-06T09:45:00+0530,24139.85,24165.85,24121.1,24140.3,0
2026-05-06T10:00:00+0530,24140.6,24141.6,24096.5,24137.3,0
2026-05-06T10:15:00+0530,24137,24155.4,24121.75,24136.4,0
2026-05-06T10:30:00+0530,24135.5,24150.15,24111.9,24142.85,0
2026-05-06T10:45:00+0530,24142.75,24143.15,24091.15,24095.75,0
2026-05-06T11:00:00+0530,24095.95,24104.65,24073.2,24089.3,0
2026-05-06T11:15:00+0530,24089.15,24112.5,24081.55,24112.5,0
2026-05-06T11:30:00+0530,24111.95,24117.35,24069.45,24096.8,0
2026-05-06T11:45:00+0530,24097.1,24114.15,24090.6,24097.35,0
2026-05-06T12:00:00+0530,24097.2,24099.75,24075.35,24082.8,0
2026-05-06T12:15:00+0530,24081.75,24081.75,24029.75,24054.65,0
2026-05-06T12:30:00+0530,24054.15,24055.5,24019.7,24022.3,0
2026-05-06T12:45:00+0530,24022,24025.35,23997.9,24023.1,0
2026-05-06T13:00:00+0530,24022.65,24044.15,23999.65,24040.65,0
2026-05-06T13:15:00+0530,24039.9,24085.8,24036.3,24075.35,0
2026-05-06T13:30:00+0530,24076.6,24109.95,24074.65,24100.45,0
2026-05-06T13:45:00+0530,24099.05,24120.25,24094.15,24106.95,0
2026-05-06T14:00:00+0530,24106.8,24133.35,24096.4,24133.35,0
2026-05-06T14:15:00+0530,24134.05,24332.05,24133.4,24311.65,0
2026-05-06T14:30:00+0530,24314.7,24337.8,24277.9,24334.35,0
2026-05-06T14:45:00+0530,24334.65,24356.5,24320.8,24348.25,0
2026-05-06T15:00:00+0530,24349,24353.8,24313.85,24321.35,0
2026-05-06T15:15:00+0530,24321.35,24346.6,24317.05,24339.3,0
2026-05-07T09:15:00+0530,24398.5,24423.35,24300.7,24334.15,0
2026-05-07T09:30:00+0530,24334.8,24402.15,24320.15,24397.35,0
2026-05-07T09:45:00+0530,24396.9,24401.4,24325.65,24342.95,0
2026-05-07T10:00:00+0530,24343,24378.7,24310,24323.65,0
2026-05-07T10:15:00+0530,24324.65,24368.9,24321.6,24360.3,0
2026-05-07T10:30:00+0530,24360.3,24375.55,24352.85,24373.45,0
2026-05-07T10:45:00+0530,24372.5,24379.05,24332.45,24340.85,0
2026-05-07T11:00:00+0530,24341,24343.75,24310.05,24317.75,0
2026-05-07T11:15:00+0530,24318.2,24332.25,24289.45,24306.45,0
2026-05-07T11:30:00+0530,24306.95,24349.8,24288.1,24288.5,0
2026-05-07T11:45:00+0530,24287.8,24346.85,24284,24340.55,0
2026-05-07T12:00:00+0530,24339.7,24369.9,24339.7,24361.55,0
2026-05-07T12:15:00+0530,24362.45,24383.65,24355.15,24355.15,0
2026-05-07T12:30:00+0530,24355.25,24482.1,24329.7,24463.15,0
2026-05-07T12:45:00+0530,24462.85,24471.6,24377.7,24388.25,0
2026-05-07T13:00:00+0530,24387.65,24420.55,24376.9,24389.7,0
2026-05-07T13:15:00+0530,24388.65,24399.5,24324.55,24353.35,0
2026-05-07T13:30:00+0530,24353.55,24364.2,24331.65,24349.75,0
2026-05-07T13:45:00+0530,24348.6,24374.8,24337.9,24368.65,0
2026-05-07T14:00:00+0530,24368.05,24375.65,24337.1,24361.65,0
2026-05-07T14:15:00+0530,24361.25,24381.1,24333.35,24376.9,0
2026-05-07T14:30:00+0530,24376.5,24385.3,24334.1,24339.45,0
2026-05-07T14:45:00+0530,24339.55,24362.7,24323.05,24352.65,0
2026-05-07T15:00:00+0530,24353.1,24363.1,24293.4,24303.1,0
2026-05-07T15:15:00+0530,24303.1,24339.05,24299.4,24336.4,0
2026-05-08T09:15:00+0530,24233.65,24253.8,24158.15,24244.15,0
2026-05-08T09:30:00+0530,24244.3,24244.95,24167.75,24167.75,0
2026-05-08T09:45:00+0530,24169.05,24199.65,24138.4,24198.45,0
2026-05-08T10:00:00+0530,24199.15,24213.7,24175.1,24211.3,0
2026-05-08T10:15:00+0530,24213.8,24243.95,24181.25,24238.05,0
2026-05-08T10:30:00+0530,24238.85,24242.55,24226.35,24232.25,0
2026-05-08T10:45:00+0530,24233.65,24239.85,24195.95,24195.95,0
2026-05-08T11:00:00+0530,24197.8,24237.05,24193.85,24233,0
2026-05-08T11:15:00+0530,24234.8,24241.65,24195.95,24198.35,0
2026-05-08T11:30:00+0530,24199.9,24212.95,24185.6,24199.45,0
2026-05-08T11:45:00+0530,24200.6,24209.8,24190.2,24205.85,0
2026-05-08T12:00:00+0530,24206,24212,24172.2,24184.2,0
2026-05-08T12:15:00+0530,24185.2,24198.45,24170.05,24196.1,0
2026-05-08T12:30:00+0530,24195.25,24196.6,24164.3,24164.3,0
2026-05-08T12:45:00+0530,24166,24175.7,24150.95,24163.4,0
2026-05-08T13:00:00+0530,24165.55,24178.05,24157.4,24167,0
2026-05-08T13:15:00+0530,24169.55,24198.4,24156.9,24195.45,0
2026-05-08T13:30:00+0530,24196.65,24202.65,24166.5,24170.95,0
2026-05-08T13:45:00+0530,24173.35,24181.25,24128.35,24137.2,0
2026-05-08T14:00:00+0530,24139.15,24179.5,24126.65,24145.85,0
2026-05-08T14:15:00+0530,24147.35,24170.75,24141.75,24169.65,0
2026-05-08T14:30:00+0530,24171,24235.85,24168.55,24231.7,0
2026-05-08T14:45:00+0530,24233.55,24240.25,24206.6,24213.65,0
2026-05-08T15:00:00+0530,24215.1,24215.1,24168.35,24180.85,0
2026-05-08T15:15:00+0530,24180.6,24196.9,24163.5,24179.8,0
2026-05-11T09:15:00+0530,23970.1,23986.8,23895.55,23953.25,0
2026-05-11T09:30:00+0530,23952.2,23959.55,23864.1,23865.65,0
2026-05-11T09:45:00+0530,23866.15,23899.95,23864.2,23874.25,0
2026-05-11T10:00:00+0530,23874.6,23903.7,23873.25,23893.4,0
2026-05-11T10:15:00+0530,23894.75,23896.25,23845.3,23869.2,0
2026-05-11T10:30:00+0530,23868.45,23874.8,23847.45,23860.1,0
2026-05-11T10:45:00+0530,23859.95,23892.5,23850.85,23886.95,0
2026-05-11T11:00:00+0530,23887,23922.55,23878.55,23914.6,0
2026-05-11T11:15:00+0530,23914.6,23942.95,23910.4,23927.8,0
2026-05-11T11:30:00+0530,23928.2,23952.7,23907.25,23949.4,0
2026-05-11T11:45:00+0530,23949.55,23956.9,23920.35,23930.9,0
2026-05-11T12:00:00+0530,23931.25,23943.95,23920.3,23935.55,0
2026-05-11T12:15:00+0530,23935.2,23945.05,23926.65,23929.05,0
2026-05-11T12:30:00+0530,23928.9,23954.95,23902.45,23950.35,0
2026-05-11T12:45:00+0530,23949.7,23954.65,23932,23945.55,0
2026-05-11T13:00:00+0530,23945.4,23949.8,23905.05,23949.8,0
2026-05-11T13:15:00+0530,23949.9,23953.3,23934.5,23946.35,0
2026-05-11T13:30:00+0530,23946.1,23988.25,23943.35,23965.45,0
2026-05-11T13:45:00+0530,23966.55,23997.45,23965.7,23966.45,0
2026-05-11T14:00:00+0530,23966.45,23973.5,23943.1,23946.3,0
2026-05-11T14:15:00+0530,23945.25,23954.1,23922.15,23931.9,0
2026-05-11T14:30:00+0530,23931.95,23957.85,23904.2,23916.35,0
2026-05-11T14:45:00+0530,23916.6,23924.35,23875.9,23875.9,0
2026-05-11T15:00:00+0530,23878.55,23879.7,23801.4,23805.75,0
2026-05-11T15:15:00+0530,23806.2,23820.35,23799.1,23820.35,0
2026-05-12T09:15:00+0530,23722.6,23757.55,23633.1,23638.3,0
2026-05-12T09:30:00+0530,23638.95,23657.85,23617.7,23640.65,0
2026-05-12T09:45:00+0530,23640.75,23652.2,23624.55,23625.85,0
2026-05-12T10:00:00+0530,23627,23655.4,23613.55,23651.4,0
2026-05-12T10:15:00+0530,23652.05,23675.2,23605.05,23613.25,0
2026-05-12T10:30:00+0530,23613.55,23638.65,23596.35,23627.55,0
2026-05-12T10:45:00+0530,23628.05,23629.6,23599.3,23614.7,0
2026-05-12T11:00:00+0530,23615.1,23615.65,23577.85,23589.35,0
2026-05-12T11:15:00+0530,23589.6,23613.4,23585.85,23588.9,0
2026-05-12T11:30:00+0530,23589.5,23607.65,23578.65,23602.7,0
2026-05-12T11:45:00+0530,23603.95,23612.85,23584.35,23597.5,0
2026-05-12T12:00:00+0530,23598.45,23599.55,23551.3,23557.8,0
2026-05-12T12:15:00+0530,23559.5,23580.05,23554.7,23557.3,0
2026-05-12T12:30:00+0530,23557.8,23558.95,23508.35,23526.15,0
2026-05-12T12:45:00+0530,23527.25,23540.1,23513.3,23524.55,0
2026-05-12T13:00:00+0530,23525.15,23536.8,23506,23536.8,0
2026-05-12T13:15:00+0530,23538.05,23564.05,23524.25,23531.05,0
2026-05-12T13:30:00+0530,23532.45,23550.2,23496.55,23506.8,0
2026-05-12T13:45:00+0530,23510.05,23530.85,23489.4,23491.5,0
2026-05-12T14:00:00+0530,23492.8,23496.9,23447.85,23457.5,0
2026-05-12T14:15:00+0530,23458.75,23492.7,23452.1,23468.6,0
2026-05-12T14:30:00+0530,23469.35,23472.25,23434.45,23463.6,0
2026-05-12T14:45:00+0530,23464.9,23474.6,23413.5,23421.25,0
2026-05-12T15:00:00+0530,23422.5,23423.65,23348.4,23354.8,0
2026-05-12T15:15:00+0530,23356,23434.85,23355.6,23430.55,0
2026-05-13T09:15:00+0530,23362.45,23503.8,23362.45,23367.05,0
2026-05-13T09:30:00+0530,23367.7,23387.65,23262.55,23308.5,0
2026-05-13T09:45:00+0530,23308.9,23389.7,23287.1,23372.45,0
2026-05-13T10:00:00+0530,23371.15,23426.25,23354.15,23403.05,0
2026-05-13T10:15:00+0530,23403.2,23477.8,23398.45,23452.45,0
2026-05-13T10:30:00+0530,23452.25,23478.6,23423.6,23464,0
2026-05-13T10:45:00+0530,23464.05,23472.45,23374.8,23374.8,0
2026-05-13T11:00:00+0530,23374.8,23409.4,23368.05,23403.95,0
2026-05-13T11:15:00+0530,23403.8,23416.45,23392.75,23399,0
2026-05-13T11:30:00+0530,23399.85,23498.85,23395.7,23498.6,0
2026-05-13T11:45:00+0530,23499,23509.9,23466,23466.1,0
2026-05-13T12:00:00+0530,23465.45,23514.15,23465.45,23512.75,0
2026-05-13T12:15:00+0530,23511.95,23518.7,23479.05,23491,0
2026-05-13T12:30:00+0530,23489.5,23497.05,23423.3,23453.9,0
2026-05-13T12:45:00+0530,23453.55,23579.6,23449.65,23577.95,0
2026-05-13T13:00:00+0530,23578.1,23582.95,23528.3,23538.5,0
2026-05-13T13:15:00+0530,23538,23538.95,23490.55,23496.75,0
2026-05-13T13:30:00+0530,23492.05,23540.5,23492.05,23523.35,0
2026-05-13T13:45:00+0530,23522.05,23535,23480.25,23499.8,0
2026-05-13T14:00:00+0530,23499.85,23525,23481.8,23516.8,0
2026-05-13T14:15:00+0530,23516.5,23522.4,23469.8,23491.35,0
2026-05-13T14:30:00+0530,23491.05,23504.4,23465.2,23467.5,0
2026-05-13T14:45:00+0530,23468.2,23490.85,23446.65,23479.2,0
2026-05-13T15:00:00+0530,23476.75,23478.7,23402.85,23425.7,0
2026-05-13T15:15:00+0530,23425.7,23436.95,23394.35,23428.7,0
2026-05-14T09:15:00+0530,23530.25,23589.2,23515.6,23581.3,0
2026-05-14T09:30:00+0530,23581.35,23586.2,23493.8,23496.8,0
2026-05-14T09:45:00+0530,23499,23532.95,23446.7,23464.45,0
2026-05-14T10:00:00+0530,23466.1,23496.35,23455.45,23495.8,0
2026-05-14T10:15:00+0530,23496.8,23517.5,23473.25,23506.4,0
2026-05-14T10:30:00+0530,23507.65,23537.5,23496.8,23497.25,0
2026-05-14T10:45:00+0530,23495.6,23495.6,23426.55,23430.45,0
2026-05-14T11:00:00+0530,23432.9,23461.35,23427.85,23459.15,0
2026-05-14T11:15:00+0530,23459.85,23577.8,23459,23567.4,0
2026-05-14T11:30:00+0530,23568.5,23669.45,23566.6,23669.45,0
2026-05-14T11:45:00+0530,23670.7,23702.5,23645.05,23684.6,0
2026-05-14T12:00:00+0530,23685.55,23685.55,23636.45,23667.4,0
2026-05-14T12:15:00+0530,23667.95,23708.3,23667.2,23692.65,0
2026-05-14T12:30:00+0530,23695.2,23702.9,23667.45,23701.7,0
2026-05-14T12:45:00+0530,23703.35,23713,23675.8,23689,0
2026-05-14T13:00:00+0530,23690.2,23747.8,23689.3,23713.55,0
2026-05-14T13:15:00+0530,23715.25,23732.85,23709.65,23715.15,0
2026-05-14T13:30:00+0530,23718.1,23760.45,23709.3,23752.55,0
2026-05-14T13:45:00+0530,23753.8,23763.65,23725.95,23751.35,0
2026-05-14T14:00:00+0530,23751.85,23768.75,23740,23744.55,0
2026-05-14T14:15:00+0530,23746.45,23757.8,23719.8,23755.35,0
2026-05-14T14:30:00+0530,23756.1,23777.2,23722.3,23730.1,0
2026-05-14T14:45:00+0530,23729.85,23733,23688.25,23710.15,0
2026-05-14T15:00:00+0530,23711.65,23713.25,23670.2,23683.8,0
2026-05-14T15:15:00+0530,23683.35,23719.55,23668.15,23713.75,0
2026-05-15T09:15:00+0530,23731.4,23796.95,23663.35,23787.9,0
2026-05-15T09:30:00+0530,23787.3,23803.15,23734.1,23802.1,0
2026-05-15T09:45:00+0530,23802.5,23837,23791,23817.95,0
2026-05-15T10:00:00+0530,23819.1,23821.35,23781.25,23800.25,0
2026-05-15T10:15:00+0530,23800.3,23834.15,23788.75,23828.15,0
2026-05-15T10:30:00+0530,23827.85,23829.25,23800.95,23817.05,0
2026-05-15T10:45:00+0530,23816.9,23839.3,23816.9,23829.55,0
2026-05-15T11:00:00+0530,23829.25,23830.75,23732.25,23743.55,0
2026-05-15T11:15:00+0530,23743.55,23751.7,23712.4,23712.7,0
2026-05-15T11:30:00+0530,23711.4,23730.45,23677.65,23721.75,0
2026-05-15T11:45:00+0530,23721.55,23735.3,23713.4,23725.55,0
2026-05-15T12:00:00+0530,23725.9,23769.6,23718.75,23751.15,0
2026-05-15T12:15:00+0530,23751,23755.3,23718.7,23720.5,0
2026-05-15T12:30:00+0530,23720.7,23769.7,23715.55,23767.5,0
2026-05-15T12:45:00+0530,23768.65,23797.5,23766.05,23784.65,0
2026-05-15T13:00:00+0530,23784.6,23787.35,23766.65,23780.65,0
2026-05-15T13:15:00+0530,23780.95,23787.8,23765.7,23776.1,0
2026-05-15T13:30:00+0530,23776.05,23779.6,23728,23739.2,0
2026-05-15T13:45:00+0530,23738.8,23750.65,23699.55,23713.55,0
2026-05-15T14:00:00+0530,23712.95,23722.35,23693.7,23722.35,0
2026-05-15T14:15:00+0530,23722.3,23726.65,23685.3,23695.7,0
2026-05-15T14:30:00+0530,23696.95,23705.3,23676.6,23690.75,0
2026-05-15T14:45:00+0530,23690.6,23692.25,23610.3,23646.1,0
2026-05-15T15:00:00+0530,23643.85,23678.35,23633.8,23644.1,0
2026-05-15T15:15:00+0530,23643.6,23660.75,23616.5,23659.35,0
2026-05-18T09:15:00+0530,23482.2,23494.6,23363.05,23373.1,0
2026-05-18T09:30:00+0530,23373.15,23394.95,23347.35,23371.05,0
2026-05-18T09:45:00+0530,23370.75,23372.2,23317.1,23341.15,0
2026-05-18T10:00:00+0530,23340.8,23366.5,23339.5,23362.4,0
2026-05-18T10:15:00+0530,23362.3,23389.45,23353.9,23379.85,0
2026-05-18T10:30:00+0530,23379.75,23439.7,23355.55,23417.2,0
2026-05-18T10:45:00+0530,23417.8,23465.95,23389.6,23465.1,0
2026-05-18T11:00:00+0530,23464.9,23477.75,23452.6,23470.1,0
2026-05-18T11:15:00+0530,23470.2,23519.9,23465.85,23495.8,0
2026-05-18T11:30:00+0530,23495.8,23562.75,23494.4,23534.25,0
2026-05-18T11:45:00+0530,23534.55,23538.25,23473.7,23474.7,0
2026-05-18T12:00:00+0530,23474.75,23525.65,23468.35,23524.75,0
2026-05-18T12:15:00+0530,23524.15,23558.15,23513.15,23553.45,0
2026-05-18T12:30:00+0530,23553.5,23610,23553.5,23584.75,0
2026-05-18T12:45:00+0530,23585,23637.9,23572.65,23636.9,0
2026-05-18T13:00:00+0530,23637.15,23661.65,23592.25,23615.9,0
2026-05-18T13:15:00+0530,23615.5,23634.25,23596.45,23618.95,0
2026-05-18T13:30:00+0530,23618.35,23633.5,23599.15,23622.4,0
2026-05-18T13:45:00+0530,23622.05,23659.4,23604.05,23640.9,0
2026-05-18T14:00:00+0530,23641.25,23652,23606.7,23624.85,0
2026-05-18T14:15:00+0530,23624.9,23624.9,23583.85,23614.35,0
2026-05-18T14:30:00+0530,23613.5,23624.25,23582,23602.95,0
2026-05-18T14:45:00+0530,23603.35,23607.9,23581.95,23591.5,0
2026-05-18T15:00:00+0530,23591,23695.65,23590.25,23634.6,0
2026-05-18T15:15:00+0530,23634.25,23658.4,23619.3,23644.45,0
2026-05-19T09:15:00+0530,23675.3,23765.65,23675.25,23756.9,0
2026-05-19T09:30:00+0530,23759.6,23768.95,23647.4,23749.2,0
2026-05-19T09:45:00+0530,23751.2,23751.7,23677.6,23678.15,0
2026-05-19T10:00:00+0530,23679,23762.9,23678.15,23753.45,0
2026-05-19T10:15:00+0530,23753.75,23762.6,23724,23751.05,0
2026-05-19T10:30:00+0530,23752.9,23765.15,23734.2,23764.75,0
2026-05-19T10:45:00+0530,23765.3,23782.3,23724.9,23771.95,0
2026-05-19T11:00:00+0530,23772.1,23774.95,23718.1,23719.75,0
2026-05-19T11:15:00+0530,23720.55,23728.35,23695.35,23727.85,0
2026-05-19T11:30:00+0530,23728.15,23754.75,23704.85,23750.05,0
2026-05-19T11:45:00+0530,23752.2,23772.75,23745.7,23754.65,0
2026-05-19T12:00:00+0530,23755.6,23755.6,23733.75,23743.05,0
2026-05-19T12:15:00+0530,23744.55,23755.5,23724.25,23752.4,0
2026-05-19T12:30:00+0530,23753.75,23753.75,23722.15,23738.05,0
2026-05-19T12:45:00+0530,23738.65,23743.2,23719.3,23723.9,0
2026-05-19T13:00:00+0530,23725.25,23735.75,23706.1,23708.35,0
2026-05-19T13:15:00+0530,23709.6,23738.85,23701.45,23724.85,0
2026-05-19T13:30:00+0530,23726.7,23743.3,23685.85,23696.85,0
2026-05-19T13:45:00+0530,23697.3,23716,23674,23689.1,0
2026-05-19T14:00:00+0530,23691.35,23725.35,23684.55,23717.35,0
2026-05-19T14:15:00+0530,23718.05,23736.55,23699.7,23703.15,0
2026-05-19T14:30:00+0530,23704.45,23705.3,23649,23657.2,0
2026-05-19T14:45:00+0530,23657.4,23666.9,23632.35,23655.15,0
2026-05-19T15:00:00+0530,23655.4,23659.3,23608,23624.4,0
2026-05-19T15:15:00+0530,23624.55,23629.2,23587.2,23606.2,0
2026-05-20T09:15:00+0530,23457.25,23481.95,23397.3,23476.95,0
2026-05-20T09:30:00+0530,23477.85,23536.9,23473.5,23524.25,0
2026-05-20T09:45:00+0530,23523.25,23548.6,23511.95,23541.9,0
2026-05-20T10:00:00+0530,23541.8,23546.65,23486.1,23500.55,0
2026-05-20T10:15:00+0530,23500.3,23519.9,23475.65,23519.9,0
2026-05-20T10:30:00+0530,23519.9,23576.15,23519.9,23532.7,0
2026-05-20T10:45:00+0530,23532.95,23549.35,23503.65,23546.4,0
2026-05-20T11:00:00+0530,23546.75,23582.6,23546.75,23562.2,0
2026-05-20T11:15:00+0530,23561.75,23602.75,23558.3,23599.85,0
2026-05-20T11:30:00+0530,23599.95,23618.15,23588.5,23605.05,0
2026-05-20T11:45:00+0530,23605.3,23640.25,23604.9,23608.15,0
2026-05-20T12:00:00+0530,23609.1,23613.65,23577,23579.95,0
2026-05-20T12:15:00+0530,23580,23608.45,23579.5,23588,0
2026-05-20T12:30:00+0530,23588.6,23606.45,23583.05,23602.8,0
2026-05-20T12:45:00+0530,23603.4,23615.4,23598.7,23612.75,0
2026-05-20T13:00:00+0530,23612.45,23617.05,23588.75,23601.4,0
2026-05-20T13:15:00+0530,23601.5,23603.95,23561.85,23567.1,0
2026-05-20T13:30:00+0530,23567.5,23620.9,23565.8,23595.85,0
2026-05-20T13:45:00+0530,23596.4,23628.15,23588.55,23628.15,0
2026-05-20T14:00:00+0530,23628.05,23664.4,23623.25,23651.95,0
2026-05-20T14:15:00+0530,23652.25,23678.95,23641.95,23665.35,0
2026-05-20T14:30:00+0530,23665.45,23681.55,23652.6,23677.6,0
2026-05-20T14:45:00+0530,23677.75,23690.9,23673.65,23679.15,0
2026-05-20T15:00:00+0530,23680.1,23680.75,23639.6,23667.9,0
2026-05-20T15:15:00+0530,23668.05,23672.35,23651.4,23664.15,0
2026-05-21T09:15:00+0530,23830.05,23859.9,23750.85,23758.1,0
2026-05-21T09:30:00+0530,23760.15,23794.2,23728.05,23793.15,0
2026-05-21T09:45:00+0530,23793.9,23812,23767.9,23768.35,0
2026-05-21T10:00:00+0530,23769.55,23790.1,23752.95,23767.45,0
2026-05-21T10:15:00+0530,23768.2,23790.55,23765.35,23780,0
2026-05-21T10:30:00+0530,23781.75,23790,23729.4,23764.8,0
2026-05-21T10:45:00+0530,23765.75,23774.2,23717.85,23723.75,0
2026-05-21T11:00:00+0530,23726.15,23726.15,23695.35,23697.05,0
2026-05-21T11:15:00+0530,23698.2,23746.45,23639.9,23742.55,0
2026-05-21T11:30:00+0530,23744.2,23744.4,23721.7,23731.15,0
2026-05-21T11:45:00+0530,23731.65,23744.8,23711.65,23716.75,0
2026-05-21T12:00:00+0530,23717.7,23742.25,23704.8,23705.05,0
2026-05-21T12:15:00+0530,23706.05,23718.9,23649.5,23663.8,0
2026-05-21T12:30:00+0530,23663.4,23673.95,23607.35,23640.1,0
2026-05-21T12:45:00+0530,23641.25,23646.85,23613.85,23624.2,0
2026-05-21T13:00:00+0530,23625.2,23653.95,23596.6,23640.7,0
2026-05-21T13:15:00+0530,23641.25,23651.1,23630.65,23631.6,0
2026-05-21T13:30:00+0530,23632.4,23687.5,23622.75,23681.35,0
2026-05-21T13:45:00+0530,23681.75,23691.8,23640.3,23673.35,0
2026-05-21T14:00:00+0530,23673.95,23674.05,23638.1,23652.15,0
2026-05-21T14:15:00+0530,23652.1,23678.35,23638.4,23652.4,0
2026-05-21T14:30:00+0530,23653.6,23705.4,23650.4,23671.85,0
2026-05-21T14:45:00+0530,23671.1,23696.6,23669.5,23679.55,0
2026-05-21T15:00:00+0530,23678.75,23691.3,23637.05,23639.1,0
2026-05-21T15:15:00+0530,23639.55,23652.45,23631.1,23648.6,0
2026-05-22T09:15:00+0530,23671.2,23756.65,23671,23738.6,0
2026-05-22T09:30:00+0530,23738.6,23778.6,23729.55,23752.95,0
2026-05-22T09:45:00+0530,23753.3,23788.8,23739.2,23779.65,0
2026-05-22T10:00:00+0530,23778.6,23800.15,23759.4,23791.7,0
2026-05-22T10:15:00+0530,23791.65,23795.4,23759.65,23761.45,0
2026-05-22T10:30:00+0530,23761.35,23795.15,23761.35,23792.7,0
2026-05-22T10:45:00+0530,23793,23797.85,23775.1,23780.75,0
2026-05-22T11:00:00+0530,23781.2,23782.55,23765.95,23771.6,0
2026-05-22T11:15:00+0530,23772.45,23789.3,23750.7,23758.9,0
2026-05-22T11:30:00+0530,23758.2,23808.9,23750.05,23808.25,0
2026-05-22T11:45:00+0530,23807.7,23828.5,23800.7,23804.85,0
2026-05-22T12:00:00+0530,23804.9,23808.35,23789.8,23798.6,0
2026-05-22T12:15:00+0530,23798.4,23802.45,23771.45,23774.75,0
2026-05-22T12:30:00+0530,23774.85,23798.5,23758.85,23792.6,0
2026-05-22T12:45:00+0530,23792.95,23835.65,23789.25,23827.45,0
2026-05-22T13:00:00+0530,23828.25,23833.25,23812.95,23819.1,0
2026-05-22T13:15:00+0530,23819.3,23822.65,23803.6,23809.4,0
2026-05-22T13:30:00+0530,23809.1,23818.2,23800.8,23801.25,0
2026-05-22T13:45:00+0530,23801.2,23822.7,23782.5,23792.15,0
2026-05-22T14:00:00+0530,23792.2,23795.6,23744.8,23778.2,0
2026-05-22T14:15:00+0530,23778.25,23781.7,23739.1,23739.3,0
2026-05-22T14:30:00+0530,23739.4,23752.5,23707.45,23709.05,0
2026-05-22T14:45:00+0530,23709.45,23733.65,23706.9,23724.45,0
2026-05-22T15:00:00+0530,23724.65,23727.6,23698.95,23718.15,0
2026-05-22T15:15:00+0530,23717.7,23751.9,23717.7,23748.85,0
2026-05-25T09:15:00+0530,23940.25,23989.1,23922.85,23981.6,0
2026-05-25T09:30:00+0530,23981.95,23984.3,23927.75,23947.5,0
2026-05-25T09:45:00+0530,23951.45,23951.45,23924.4,23937.15,0
2026-05-25T10:00:00+0530,23938.75,23959.85,23933.45,23952.05,0
2026-05-25T10:15:00+0530,23953.85,23980.95,23952.6,23958.55,0
2026-05-25T10:30:00+0530,23960.9,23992.4,23959.2,23987.4,0
2026-05-25T10:45:00+0530,23989,23995.9,23972.65,23978.15,0
2026-05-25T11:00:00+0530,23979.55,23989.9,23970.65,23987.6,0
2026-05-25T11:15:00+0530,23989,23989,23971.1,23977.15,0
2026-05-25T11:30:00+0530,23978.45,23990.45,23959.9,23980.95,0
2026-05-25T11:45:00+0530,23982.15,23992.7,23978.15,23986.6,0
2026-05-25T12:00:00+0530,23988.15,23988.15,23960.1,23963.9,0
2026-05-25T12:15:00+0530,23965.75,23968.7,23955.9,23956.5,0
2026-05-25T12:30:00+0530,23957.85,23967.65,23952.6,23958.55,0
2026-05-25T12:45:00+0530,23960.05,23960.6,23935.6,23954.4,0
2026-05-25T13:00:00+0530,23955.55,23983.6,23947.3,23977.2,0
2026-05-25T13:15:00+0530,23979.1,23986.25,23975.15,23984.1,0
2026-05-25T13:30:00+0530,23986.55,23991,23963.8,23963.95,0
2026-05-25T13:45:00+0530,23965.65,23977.4,23962.2,23965.35,0
2026-05-25T14:00:00+0530,23966.95,23978.55,23956.7,23958.55,0
2026-05-25T14:15:00+0530,23959.95,23982.85,23955.25,23978.15,0
2026-05-25T14:30:00+0530,23979,24009.3,23976.45,24007.8,0
2026-05-25T14:45:00+0530,24009.55,24036.8,24007.4,24035,0
2026-05-25T15:00:00+0530,24035.75,24038.1,24021.5,24035.25,0
2026-05-25T15:15:00+0530,24035.25,24054.45,24021.1,24049.9,0
2026-05-26T09:15:00+0530,24004.1,24041.25,23965.7,24034.1,0
2026-05-26T09:30:00+0530,24034.4,24077.2,24018.95,24062.3,0
2026-05-26T09:45:00+0530,24062.4,24065.7,24014.55,24028.75,0
2026-05-26T10:00:00+0530,24029.75,24064.1,24021.2,24063,0
2026-05-26T10:15:00+0530,24063.05,24076.15,24045.2,24071.4,0
2026-05-26T10:30:00+0530,24070,24089.8,24066.85,24073.15,0
2026-05-26T10:45:00+0530,24073.95,24082.65,24065.3,24071.85,0
2026-05-26T11:00:00+0530,24070.7,24082.65,24065.45,24069.3,0
2026-05-26T11:15:00+0530,24068.85,24070.75,24044.8,24044.8,0
2026-05-26T11:30:00+0530,24044.95,24071.9,24026.2,24063.15,0
2026-05-26T11:45:00+0530,24062.35,24066.95,24032.6,24039.95,0
2026-05-26T12:00:00+0530,24040.2,24043.65,24018.5,24022.1,0
2026-05-26T12:15:00+0530,24022.3,24040.8,24017.45,24021.9,0
2026-05-26T12:30:00+0530,24021.85,24036.4,24006.05,24010.15,0
2026-05-26T12:45:00+0530,24010,24012.3,23971.6,23998.55,0
2026-05-26T13:00:00+0530,23998.65,24001.95,23966.2,23974.35,0
2026-05-26T13:15:00+0530,23974.9,23991.25,23958.55,23987.5,0
2026-05-26T13:30:00+0530,23987.45,23999.25,23957.4,23957.4,0
2026-05-26T13:45:00+0530,23957.2,23970.1,23934.1,23937.2,0
2026-05-26T14:00:00+0530,23937.35,23940.1,23909.8,23924.2,0
2026-05-26T14:15:00+0530,23924.25,23940.7,23907.1,23922.6,0
2026-05-26T14:30:00+0530,23923,23934,23895.3,23898.2,0
2026-05-26T14:45:00+0530,23898.1,23918.75,23885.45,23913.05,0
2026-05-26T15:00:00+0530,23913.5,23931.05,23896.4,23908.8,0
2026-05-26T15:15:00+0530,23908.8,23940.05,23907.15,23933.75,0
2026-05-27T09:15:00+0530,23880.35,23950.15,23869.65,23903.95,0
2026-05-27T09:30:00+0530,23899.9,23919.05,23869.75,23908.6,0
2026-05-27T09:45:00+0530,23909.65,23909.65,23871.3,23874.75,0
2026-05-27T10:00:00+0530,23875.45,23946.4,23868.5,23942.8,0
2026-05-27T10:15:00+0530,23943.3,23971,23934.7,23963.4,0
2026-05-27T10:30:00+0530,23964.8,23971.05,23934.45,23936.2,0
2026-05-27T10:45:00+0530,23937.25,23976.4,23918.9,23966.95,0
2026-05-27T11:00:00+0530,23968.25,23973.2,23950.7,23961.9,0
2026-05-27T11:15:00+0530,23962.2,23981.25,23959,23974.65,0
2026-05-27T11:30:00+0530,23974.75,23983.2,23947,23953.5,0
2026-05-27T11:45:00+0530,23954.3,23963.6,23928.75,23933.5,0
2026-05-27T12:00:00+0530,23933.5,23941.75,23918.35,23922.55,0
2026-05-27T12:15:00+0530,23921.95,23940.85,23905.15,23906.3,0
2026-05-27T12:30:00+0530,23905.05,23938.3,23902.45,23936.1,0
2026-05-27T12:45:00+0530,23935.75,23936.35,23904.05,23905.6,0
2026-05-27T13:00:00+0530,23905.45,23923.45,23895,23897.15,0
2026-05-27T13:15:00+0530,23898.3,23905.3,23884.15,23892.05,0
2026-05-27T13:30:00+0530,23891.45,23915.15,23890.15,23891.25,0
2026-05-27T13:45:00+0530,23889.95,23916.35,23882.05,23912.3,0
2026-05-27T14:00:00+0530,23911.95,23924.1,23894.45,23895.95,0
2026-05-27T14:15:00+0530,23895.6,23922.25,23884.5,23890.25,0
2026-05-27T14:30:00+0530,23887.6,23890.15,23858.25,23875.4,0
2026-05-27T14:45:00+0530,23874.5,23901.05,23866.95,23896.75,0
2026-05-27T15:00:00+0530,23896.9,23906.45,23879.15,23903.8,0
2026-05-27T15:15:00+0530,23903.6,23926.85,23902.5,23920.65,0
2026-05-29T09:15:00+0530,23902.15,24002.8,23889.15,23893.4,0
2026-05-29T09:30:00+0530,23892.2,23933.85,23872.6,23875.75,0
2026-05-29T09:45:00+0530,23875.8,23922.8,23871.1,23907.45,0
2026-05-29T10:00:00+0530,23907.45,23954.5,23894.75,23945.7,0
2026-05-29T10:15:00+0530,23946.1,23951.9,23908.95,23911.65,0
2026-05-29T10:30:00+0530,23911.2,23929.65,23900.45,23900.65,0
2026-05-29T10:45:00+0530,23900.9,23907.8,23877.65,23903.1,0
2026-05-29T11:00:00+0530,23902.8,23912.7,23892.75,23896.85,0
2026-05-29T11:15:00+0530,23897.2,23910.15,23888.95,23889.55,0
2026-05-29T11:30:00+0530,23889.2,23894.5,23875.35,23885.9,0
2026-05-29T11:45:00+0530,23885.55,23914,23883.35,23890.8,0
2026-05-29T12:00:00+0530,23890.3,23891.65,23825.35,23835.7,0
2026-05-29T12:15:00+0530,23835.95,23857.75,23815.1,23855.8,0
2026-05-29T12:30:00+0530,23856.2,23859.05,23840.95,23849.9,0
2026-05-29T12:45:00+0530,23849.85,23855.25,23821.95,23837.55,0
2026-05-29T13:00:00+0530,23837.05,23838.3,23769.15,23769.15,0
2026-05-29T13:15:00+0530,23769.65,23789.5,23759.55,23775.6,0
2026-05-29T13:30:00+0530,23775.35,23786.05,23765.95,23773.4,0
2026-05-29T13:45:00+0530,23773.15,23775.1,23739.7,23757.65,0
2026-05-29T14:00:00+0530,23758.05,23759.5,23731.25,23744.45,0
2026-05-29T14:15:00+0530,23743.8,23762.25,23731.55,23760.1,0
2026-05-29T14:30:00+0530,23759.55,23802.05,23759.55,23786.1,0
2026-05-29T14:45:00+0530,23786.75,23795.3,23752.25,23773.35,0
2026-05-29T15:00:00+0530,23773.3,23773.3,23505.6,23528.7,0
2026-05-29T15:15:00+0530,23528.7,23618,23484.75,23609.3,0
2026-06-01T09:15:00+0530,23654.5,23733.7,23587.75,23592.95,0
2026-06-01T09:30:00+0530,23591.95,23623.8,23565.8,23576.7,0
2026-06-01T09:45:00+0530,23575.35,23595.4,23556.75,23561.8,0
2026-06-01T10:00:00+0530,23561.05,23572.35,23537,23553.15,0
2026-06-01T10:15:00+0530,23552.7,23566.4,23536.8,23539.85,0
2026-06-01T10:30:00+0530,23539.35,23555.15,23517.7,23538.25,0
2026-06-01T10:45:00+0530,23538.2,23597.2,23537,23569.75,0
2026-06-01T11:00:00+0530,23569.95,23615.5,23569.95,23606.2,0
2026-06-01T11:15:00+0530,23605.4,23619.25,23558.45,23559.15,0
2026-06-01T11:30:00+0530,23558.6,23570.1,23539,23550,0
2026-06-01T11:45:00+0530,23549.75,23562.2,23491.85,23493.75,0
2026-06-01T12:00:00+0530,23493.65,23533.35,23486,23530,0
2026-06-01T12:15:00+0530,23529.35,23533.15,23510.65,23516.95,0
2026-06-01T12:30:00+0530,23516.4,23526,23502.95,23515.85,0
2026-06-01T12:45:00+0530,23515.05,23536.95,23499.25,23513.45,0
2026-06-01T13:00:00+0530,23513.05,23520.75,23453.25,23460.65,0
2026-06-01T13:15:00+0530,23459.95,23486.45,23458.15,23483.5,0
2026-06-01T13:30:00+0530,23482.3,23500.4,23475.2,23482.95,0
2026-06-01T13:45:00+0530,23481.85,23483.55,23447.7,23456.1,0
2026-06-01T14:00:00+0530,23456.35,23459.6,23413,23416.95,0
2026-06-01T14:15:00+0530,23417.05,23428.3,23389.6,23395,0
2026-06-01T14:30:00+0530,23394.1,23422.65,23379.95,23417.3,0
2026-06-01T14:45:00+0530,23416.75,23427.35,23360.15,23373.7,0
2026-06-01T15:00:00+0530,23373.95,23412.1,23357.95,23389.25,0
2026-06-01T15:15:00+0530,23389.4,23402.8,23362.8,23379.2,0
2026-06-02T09:15:00+0530,23229.15,23297.75,23229.15,23282.1,0
2026-06-02T09:30:00+0530,23281.3,23307.15,23261.2,23301.95,0
2026-06-02T09:45:00+0530,23301.7,23322.75,23270.95,23316.2,0
2026-06-02T10:00:00+0530,23317,23325.15,23280.95,23281.4,0
2026-06-02T10:15:00+0530,23281.95,23375.95,23265.65,23371,0
2026-06-02T10:30:00+0530,23371.2,23373.2,23327.75,23352.35,0
2026-06-02T10:45:00+0530,23350.45,23352.15,23281.55,23301.15,0
2026-06-02T11:00:00+0530,23300.6,23314.65,23293,23309.65,0
2026-06-02T11:15:00+0530,23309.45,23363.95,23295.85,23340.45,0
2026-06-02T11:30:00+0530,23340.2,23344.5,23290.5,23298.3,0
2026-06-02T11:45:00+0530,23298.3,23310.7,23280.75,23284.1,0
2026-06-02T12:00:00+0530,23283.45,23304.4,23276.6,23279.3,0
2026-06-02T12:15:00+0530,23279.7,23297.35,23270.95,23274.75,0
2026-06-02T12:30:00+0530,23274.85,23374.6,23271.45,23371.3,0
2026-06-02T12:45:00+0530,23371.4,23470.8,23370.6,23456.9,0
2026-06-02T13:00:00+0530,23458.8,23499.25,23438.4,23474.25,0
2026-06-02T13:15:00+0530,23474.25,23503.65,23456.8,23502.95,0
2026-06-02T13:30:00+0530,23502.7,23535.05,23492.6,23500.5,0
2026-06-02T13:45:00+0530,23500.7,23530.05,23500.25,23515.15,0
2026-06-02T14:00:00+0530,23514.3,23546.8,23512.45,23539.65,0
2026-06-02T14:15:00+0530,23540.1,23556.95,23510.45,23516.75,0
2026-06-02T14:30:00+0530,23517,23535.3,23443.95,23452.35,0
2026-06-02T14:45:00+0530,23452.55,23480.3,23432.8,23441.55,0
2026-06-02T15:00:00+0530,23443.55,23500.15,23422.65,23489.8,0
2026-06-02T15:15:00+0530,23489.8,23525.7,23488.55,23523.3,0
2026-06-03T09:15:00+0530,23415.95,23447.65,23265.25,23292.7,0
2026-06-03T09:30:00+0530,23293.5,23299.8,23244.45,23268.95,0
2026-06-03T09:45:00+0530,23269.05,23299.55,23225.5,23252.65,0
2026-06-03T10:00:00+0530,23253.15,23287.4,23232.75,23240.5,0
2026-06-03T10:15:00+0530,23240.45,23283.2,23228.95,23246.3,0
2026-06-03T10:30:00+0530,23247,23255.3,23212.1,23227.15,0
2026-06-03T10:45:00+0530,23227.55,23244.25,23217.1,23226.05,0
2026-06-03T11:00:00+0530,23227.25,23233,23194.8,23202.85,0
2026-06-03T11:15:00+0530,23203.6,23244.85,23198.8,23215.85,0
2026-06-03T11:30:00+0530,23216.95,23234.75,23202.6,23214.2,0
2026-06-03T11:45:00+0530,23215.05,23225.9,23191.4,23191.4,0
2026-06-03T12:00:00+0530,23193.25,23202.75,23151.5,23180.7,0
2026-06-03T12:15:00+0530,23181.25,23241.65,23176.55,23235.45,0
2026-06-03T12:30:00+0530,23236.35,23347.55,23236.2,23323,0
2026-06-03T12:45:00+0530,23325.15,23331.55,23271.95,23283.3,0
2026-06-03T13:00:00+0530,23284.2,23305.95,23275.05,23298.35,0
2026-06-03T13:15:00+0530,23302.95,23349.75,23300.3,23345,0
2026-06-03T13:30:00+0530,23345.95,23352.8,23316.4,23320.6,0
2026-06-03T13:45:00+0530,23322.25,23427.05,23321.35,23361.1,0
2026-06-03T14:00:00+0530,23363.55,23404.1,23363.1,23388.2,0
2026-06-03T14:15:00+0530,23388.3,23439.5,23387.5,23406.75,0
2026-06-03T14:30:00+0530,23408.45,23445.2,23400.55,23439.8,0
2026-06-03T14:45:00+0530,23440.1,23459.55,23425.85,23442.95,0
2026-06-03T15:00:00+0530,23443.8,23459.65,23373.9,23395.85,0
2026-06-03T15:15:00+0530,23396.1,23411.3,23389,23396.95,0
2026-06-04T09:15:00+0530,23282.45,23362.85,23247.3,23334.8,0
2026-06-04T09:30:00+0530,23334.75,23366.65,23304.35,23355.35,0
2026-06-04T09:45:00+0530,23355.5,23443.35,23355.5,23407.85,0
2026-06-04T10:00:00+0530,23407.3,23443.7,23398.9,23431.35,0
2026-06-04T10:15:00+0530,23431.9,23450.1,23417.05,23423.5,0
2026-06-04T10:30:00+0530,23423,23426.6,23375.55,23410.65,0
2026-06-04T10:45:00+0530,23411.05,23446.45,23409.65,23424.9,0
2026-06-04T11:00:00+0530,23424.1,23430.35,23374.8,23401.85,0
2026-06-04T11:15:00+0530,23402.05,23403.8,23379.5,23392.7,0
2026-06-04T11:30:00+0530,23392.65,23462.3,23359.45,23443.65,0
2026-06-04T11:45:00+0530,23443.75,23451.65,23397,23419.05,0
2026-06-04T12:00:00+0530,23419.15,23450.45,23416.25,23439.7,0
2026-06-04T12:15:00+0530,23439.25,23450,23422.25,23430.65,0
2026-06-04T12:30:00+0530,23430.45,23432,23381.3,23385.35,0
2026-06-04T12:45:00+0530,23384.45,23416.05,23382.9,23415.9,0
2026-06-04T13:00:00+0530,23415.75,23422,23332.8,23334.25,0
2026-06-04T13:15:00+0530,23333.65,23368.65,23313.15,23362.25,0
2026-06-04T13:30:00+0530,23362.55,23375.25,23346.15,23361.5,0
2026-06-04T13:45:00+0530,23360.9,23377.85,23350.25,23367.9,0
2026-06-04T14:00:00+0530,23368.9,23433.75,23367.75,23413.9,0
2026-06-04T14:15:00+0530,23414.3,23429.15,23405.9,23419.75,0
2026-06-04T14:30:00+0530,23420.1,23452.85,23415.3,23433.2,0
2026-06-04T14:45:00+0530,23433.3,23465.3,23402.7,23415.15,0
2026-06-04T15:00:00+0530,23414.8,23420.35,23385.3,23418.05,0
2026-06-04T15:15:00+0530,23418.05,23446.8,23411.7,23438,0
2026-06-05T09:15:00+0530,23478.95,23516.35,23439.3,23461.95,0
2026-06-05T09:30:00+0530,23462.2,23486.95,23445.95,23476.3,0
2026-06-05T09:45:00+0530,23476.05,23477.95,23439.15,23443.95,0
2026-06-05T10:00:00+0530,23443.65,23512.65,23423.85,23468.5,0
2026-06-05T10:15:00+0530,23467.7,23497.5,23452.95,23470.55,0
2026-06-05T10:30:00+0530,23470.95,23474.25,23342.2,23359.75,0
2026-06-05T10:45:00+0530,23360.2,23404.65,23331.8,23402.3,0
2026-06-05T11:00:00+0530,23403.6,23494.8,23403.6,23444.4,0
2026-06-05T11:15:00+0530,23443.95,23452.2,23393.1,23418.35,0
2026-06-05T11:30:00+0530,23418.3,23442.95,23403.35,23422.8,0
2026-06-05T11:45:00+0530,23424.35,23440.95,23396.95,23397.5,0
2026-06-05T12:00:00+0530,23397.9,23441.45,23397.05,23439.5,0
2026-06-05T12:15:00+0530,23439.75,23455.25,23431.55,23437,0
2026-06-05T12:30:00+0530,23436.85,23439.7,23367.3,23374.65,0
2026-06-05T12:45:00+0530,23374.9,23388.25,23351.2,23367.7,0
2026-06-05T13:00:00+0530,23367.55,23376.2,23333.8,23337.5,0
2026-06-05T13:15:00+0530,23337.95,23360.8,23310.55,23310.55,0
2026-06-05T13:30:00+0530,23310.5,23328.6,23282.65,23300.1,0
2026-06-05T13:45:00+0530,23300.4,23330.85,23296.75,23330.85,0
2026-06-05T14:00:00+0530,23330.25,23341.95,23313.5,23320.15,0
2026-06-05T14:15:00+0530,23320.9,23354.05,23301,23351.6,0
2026-06-05T14:30:00+0530,23351.8,23405.05,23318.75,23398.8,0
2026-06-05T14:45:00+0530,23398.05,23418.25,23353.3,23361.8,0
2026-06-05T15:00:00+0530,23363.2,23369.85,23326.95,23365.75,0
2026-06-05T15:15:00+0530,23365.75,23386.5,23361.05,23368.85,0
2026-06-08T09:15:00+0530,23080.7,23157.05,23070.15,23155.5,0
2026-06-08T09:30:00+0530,23156.1,23185.2,23132.85,23159.15,0
2026-06-08T09:45:00+0530,23159.85,23202,23125.25,23199.5,0
2026-06-08T10:00:00+0530,23199.85,23200.4,23154.35,23174.25,0
2026-06-08T10:15:00+0530,23174.55,23188,23163.25,23172.45,0
2026-06-08T10:30:00+0530,23173.2,23223.45,23172.3,23191.65,0
2026-06-08T10:45:00+0530,23192.25,23218.7,23181.1,23217.45,0
2026-06-08T11:00:00+0530,23217.9,23218.6,23192.75,23198.85,0
2026-06-08T11:15:00+0530,23199.75,23204.7,23179,23186.15,0
2026-06-08T11:30:00+0530,23186.55,23211.6,23182.7,23205.45,0
2026-06-08T11:45:00+0530,23206.1,23215.3,23198.3,23205.45,0
2026-06-08T12:00:00+0530,23205.8,23224.4,23193.8,23212.45,0
2026-06-08T12:15:00+0530,23212.45,23226.45,23208,23218.75,0
2026-06-08T12:30:00+0530,23219.2,23245.6,23215.25,23237.85,0
2026-06-08T12:45:00+0530,23238.65,23267.3,23229.6,23246.15,0
2026-06-08T13:00:00+0530,23247.1,23247.8,23212.55,23216.3,0
2026-06-08T13:15:00+0530,23216.5,23225.7,23194.7,23209.05,0
2026-06-08T13:30:00+0530,23208.7,23215.3,23169.75,23171,0
2026-06-08T13:45:00+0530,23171.9,23177,23150.4,23172.45,0
2026-06-08T14:00:00+0530,23173.45,23184.7,23156.25,23156.85,0
2026-06-08T14:15:00+0530,23157.35,23173.2,23145.7,23149.1,0
2026-06-08T14:30:00+0530,23148.6,23181,23147.3,23179.9,0
2026-06-08T14:45:00+0530,23181.4,23196.7,23160.6,23179,0
2026-06-08T15:00:00+0530,23182.4,23182.4,23107.05,23134.45,0
2026-06-08T15:15:00+0530,23134.05,23135.8,23089.9,23103.7,0
2026-06-09T09:15:00+0530,23259.05,23259.45,23194.9,23225.05,0
2026-06-09T09:30:00+0530,23224.9,23252.05,23196.4,23196.8,0
2026-06-09T09:45:00+0530,23196.6,23218.15,23180.55,23188.35,0
2026-06-09T10:00:00+0530,23188.75,23192.9,23160.5,23167.75,0
2026-06-09T10:15:00+0530,23167.75,23177.35,23148.7,23162.35,0
2026-06-09T10:30:00+0530,23162.5,23166.4,23146.9,23164.55,0
2026-06-09T10:45:00+0530,23163.95,23168.05,23129.1,23154.55,0
2026-06-09T11:00:00+0530,23153.8,23161.9,23142.5,23146,0
2026-06-09T11:15:00+0530,23144.8,23158.55,23104.45,23132.15,0
2026-06-09T11:30:00+0530,23131.25,23160.65,23126.1,23150.85,0
2026-06-09T11:45:00+0530,23150.6,23196.2,23145.45,23181.2,0
2026-06-09T12:00:00+0530,23181.3,23204.5,23176.5,23187.65,0
2026-06-09T12:15:00+0530,23186.9,23209.4,23184.65,23205.3,0
2026-06-09T12:30:00+0530,23205.95,23226.65,23196.75,23207.4,0
2026-06-09T12:45:00+0530,23207.7,23219.35,23177.5,23181.4,0
2026-06-09T13:00:00+0530,23181.15,23212.05,23181.15,23208.75,0
2026-06-09T13:15:00+0530,23208.05,23223.2,23193.9,23204.65,0
2026-06-09T13:30:00+0530,23203.85,23222.25,23186.8,23218.65,0
2026-06-09T13:45:00+0530,23218.4,23220.45,23175.3,23189.65,0
2026-06-09T14:00:00+0530,23188.7,23218.65,23178.45,23206.05,0
2026-06-09T14:15:00+0530,23207.35,23217.05,23187.3,23216.85,0
2026-06-09T14:30:00+0530,23214.95,23261.15,23203,23251.15,0
2026-06-09T14:45:00+0530,23251.1,23279.4,23239.45,23274.65,0
2026-06-09T15:00:00+0530,23272.9,23272.9,23230.5,23244.2,0
2026-06-09T15:15:00+0530,23242.7,23261.05,23225.05,23257.75,0
2026-06-10T09:15:00+0530,23233.95,23350.2,23217.3,23339.75,0
2026-06-10T09:30:00+0530,23339.45,23356.9,23329.7,23355.05,0
2026-06-10T09:45:00+0530,23353.7,23384.45,23353.2,23366.6,0
2026-06-10T10:00:00+0530,23366.6,23370.55,23317,23317,0
2026-06-10T10:15:00+0530,23317.3,23338.35,23305.8,23319.4,0
2026-06-10T10:30:00+0530,23319.4,23351.55,23317.7,23345.95,0
2026-06-10T10:45:00+0530,23345.8,23378.55,23341.45,23378.55,0
2026-06-10T11:00:00+0530,23378.55,23388.9,23362.85,23373.65,0
2026-06-10T11:15:00+0530,23373.65,23398.1,23359.95,23396.75,0
2026-06-10T11:30:00+0530,23396.9,23409.8,23385.85,23406,0
2026-06-10T11:45:00+0530,23405.95,23406.3,23389.5,23402.8,0
2026-06-10T12:00:00+0530,23403.3,23404.65,23376.45,23395.4,0
2026-06-10T12:15:00+0530,23395.25,23397.25,23374.3,23375.25,0
2026-06-10T12:30:00+0530,23375.95,23381.35,23346.6,23347.75,0
2026-06-10T12:45:00+0530,23347.85,23385.45,23333.2,23380.05,0
2026-06-10T13:00:00+0530,23380.05,23425.35,23380,23405.15,0
2026-06-10T13:15:00+0530,23405.65,23410.3,23371.75,23398.3,0
2026-06-10T13:30:00+0530,23397.95,23407.35,23351.9,23358.85,0
2026-06-10T13:45:00+0530,23358.3,23377.45,23347.05,23352.95,0
2026-06-10T14:00:00+0530,23352.4,23364.75,23315,23317.15,0
2026-06-10T14:15:00+0530,23317.25,23339.8,23307.45,23315.5,0
2026-06-10T14:30:00+0530,23316.35,23320.85,23260.3,23261.6,0
2026-06-10T14:45:00+0530,23262.85,23271.95,23243.85,23256.75,0
2026-06-10T15:00:00+0530,23256.85,23259.1,23198.35,23199.7,0
2026-06-10T15:15:00+0530,23200.75,23216.8,23184.6,23216.1,0
2026-06-11T09:15:00+0530,23104.4,23148.05,23072.05,23119.35,0
2026-06-11T09:30:00+0530,23121.9,23148.6,23093.15,23143.6,0
2026-06-11T09:45:00+0530,23144.25,23172.85,23112.6,23115.7,0
2026-06-11T10:00:00+0530,23117.6,23164.5,23102.85,23145.5,0
2026-06-11T10:15:00+0530,23147.5,23207.8,23144.7,23199.5,0
2026-06-11T10:30:00+0530,23201.1,23214.05,23185.15,23203.2,0
2026-06-11T10:45:00+0530,23204.85,23211.85,23167.2,23174.55,0
2026-06-11T11:00:00+0530,23176.55,23205,23162.5,23181.65,0
2026-06-11T11:15:00+0530,23183.2,23236.8,23181.55,23235.45,0
2026-06-11T11:30:00+0530,23237.4,23251.85,23210.65,23251.85,0
2026-06-11T11:45:00+0530,23253.7,23291.7,23251.05,23281.15,0
2026-06-11T12:00:00+0530,23283.15,23292.7,23272.55,23285.25,0
2026-06-11T12:15:00+0530,23287.55,23307.05,23278.35,23295.6,0
2026-06-11T12:30:00+0530,23297.6,23324.25,23288.1,23294.4,0
2026-06-11T12:45:00+0530,23296.1,23307.3,23272.7,23306.75,0
2026-06-11T13:00:00+0530,23308.25,23327.45,23256.3,23257.7,0
2026-06-11T13:15:00+0530,23259.45,23264.65,23220.45,23241,0
2026-06-11T13:30:00+0530,23242.9,23267.75,23213.45,23220.1,0
2026-06-11T13:45:00+0530,23223.9,23248.05,23214.55,23231.3,0
2026-06-11T14:00:00+0530,23233,23240.2,23201.6,23218.75,0
2026-06-11T14:15:00+0530,23219.8,23252.05,23204.1,23240.05,0
2026-06-11T14:30:00+0530,23241.15,23245.45,23193.55,23198.15,0
2026-06-11T14:45:00+0530,23200.2,23209.6,23162.5,23175.5,0
2026-06-11T15:00:00+0530,23177.05,23192.45,23131.95,23165.8,0
2026-06-11T15:15:00+0530,23165.3,23194.9,23156.4,23186.55,0
2026-06-12T09:15:00+0530,23412.55,23455.95,23400.55,23401.2,0
2026-06-12T09:30:00+0530,23402.85,23410.65,23364.25,23370.1,0
2026-06-12T09:45:00+0530,23370.6,23380.75,23345.95,23346.55,0
2026-06-12T10:00:00+0530,23348.7,23359.15,23327.65,23342.65,0
2026-06-12T10:15:00+0530,23345.15,23362.9,23322.65,23345.85,0
2026-06-12T10:30:00+0530,23346.75,23357.5,23341.55,23349.7,0
2026-06-12T10:45:00+0530,23350.95,23359.85,23329.95,23358.25,0
2026-06-12T11:00:00+0530,23359.2,23378.35,23344.45,23378.05,0
2026-06-12T11:15:00+0530,23379.1,23380.65,23349.7,23357.4,0
2026-06-12T11:30:00+0530,23358.9,23377.9,23357.5,23374.8,0
2026-06-12T11:45:00+0530,23375.5,23389.3,23368.35,23378.2,0
2026-06-12T12:00:00+0530,23380.1,23383.55,23343.35,23347.4,0
2026-06-12T12:15:00+0530,23349.45,23369.9,23343.5,23365.3,0
2026-06-12T12:30:00+0530,23365.9,23365.9,23320.3,23320.3,0
2026-06-12T12:45:00+0530,23323,23329.9,23313.9,23325.3,0
2026-06-12T13:00:00+0530,23326.75,23344.05,23322.25,23336.25,0
2026-06-12T13:15:00+0530,23336.95,23392.5,23321.6,23388.95,0
2026-06-12T13:30:00+0530,23390.4,23480.25,23389.05,23474.6,0
2026-06-12T13:45:00+0530,23476.15,23511.25,23468.45,23507.45,0
2026-06-12T14:00:00+0530,23509.7,23531.6,23496.55,23527.5,0
2026-06-12T14:15:00+0530,23528.2,23550.3,23524.6,23547.8,0
2026-06-12T14:30:00+0530,23549.3,23577.3,23532.9,23569.75,0
2026-06-12T14:45:00+0530,23571.85,23616.95,23568.35,23608.15,0
2026-06-12T15:00:00+0530,23607.95,23645.35,23581.65,23621.8,0
2026-06-12T15:15:00+0530,23620.95,23639.35,23612.15,23631.75,0
2026-06-15T09:15:00+0530,23984.85,24011.4,23934.1,23946.15,0
2026-06-15T09:30:00+0530,23947.05,23965.9,23927.35,23965.7,0
2026-06-15T09:45:00+0530,23966.55,23980.45,23939.75,23945.95,0
2026-06-15T10:00:00+0530,23946.9,23968.2,23933.55,23945.05,0
2026-06-15T10:15:00+0530,23946,23968.65,23935.6,23962.55,0
2026-06-15T10:30:00+0530,23964.9,23982.15,23961.95,23978.45,0
2026-06-15T10:45:00+0530,23979.65,24009.1,23974.75,24002.1,0
2026-06-15T11:00:00+0530,24001.4,24003.6,23966.3,23967.85,0
2026-06-15T11:15:00+0530,23968.2,23982.95,23962.2,23978.45,0
2026-06-15T11:30:00+0530,23977.95,23979.8,23957.25,23957.25,0
2026-06-15T11:45:00+0530,23958.1,23970.55,23950,23961.35,0
2026-06-15T12:00:00+0530,23961.65,23965.75,23930.05,23931.8,0
2026-06-15T12:15:00+0530,23930.7,23932.95,23893.8,23894.75,0
2026-06-15T12:30:00+0530,23896,23917.8,23892.35,23912.85,0
2026-06-15T12:45:00+0530,23913.55,23913.95,23896.65,23906.95,0
2026-06-15T13:00:00+0530,23907.85,23935,23892.8,23916.1,0
2026-06-15T13:15:00+0530,23916.55,23917.9,23897.2,23906.65,0
2026-06-15T13:30:00+0530,23907.5,23913.1,23883.8,23893.95,0
2026-06-15T13:45:00+0530,23895.1,23910.7,23865.85,23905.65,0
2026-06-15T14:00:00+0530,23907.75,23913.9,23882.6,23889.3,0
2026-06-15T14:15:00+0530,23891.1,23916.75,23887.4,23906.8,0
2026-06-15T14:30:00+0530,23908.15,23942.6,23907.45,23924.2,0
2026-06-15T14:45:00+0530,23923.95,23931.55,23888.1,23894.6,0
2026-06-15T15:00:00+0530,23897.65,23904.05,23817.8,23843.6,0
2026-06-15T15:15:00+0530,23845.1,23867.85,23842.85,23856.55,0
2026-06-16T09:15:00+0530,23923.9,23941.1,23888.2,23938.1,0
2026-06-16T09:30:00+0530,23938.2,23954.75,23917.05,23917.8,0
2026-06-16T09:45:00+0530,23917.9,23942.7,23916.2,23939.7,0
2026-06-16T10:00:00+0530,23941,23947.35,23895.65,23910.05,0
2026-06-16T10:15:00+0530,23910.45,23953.85,23909.65,23943.35,0
2026-06-16T10:30:00+0530,23943.5,23972.75,23941.65,23962.1,0
2026-06-16T10:45:00+0530,23962.2,23977.8,23959.6,23966.65,0
2026-06-16T11:00:00+0530,23967.55,23970.2,23931.8,23940.55,0
2026-06-16T11:15:00+0530,23940.4,23951.4,23923.95,23929.45,0
2026-06-16T11:30:00+0530,23929.7,23934.35,23911.45,23927.6,0
2026-06-16T11:45:00+0530,23924.7,23949.75,23920.45,23938.5,0
2026-06-16T12:00:00+0530,23938.45,23943.65,23919.1,23928.05,0
2026-06-16T12:15:00+0530,23928,23943.2,23903.35,23940.15,0
2026-06-16T12:30:00+0530,23940.8,23947.1,23919,23927.25,0
2026-06-16T12:45:00+0530,23928,23938.75,23915.5,23935.65,0
2026-06-16T13:00:00+0530,23935.85,23950.65,23923.45,23946.85,0
2026-06-16T13:15:00+0530,23946.65,23969.8,23935.5,23966.8,0
2026-06-16T13:30:00+0530,23967.15,23976.95,23959.65,23964.85,0
2026-06-16T13:45:00+0530,23964.65,23976.9,23955.75,23967.05,0
2026-06-16T14:00:00+0530,23967.05,23997.8,23963.45,23994.35,0
2026-06-16T14:15:00+0530,23994,24000.3,23978.1,23984.2,0
2026-06-16T14:30:00+0530,23985.15,24002.4,23963.45,23963.45,0
2026-06-16T14:45:00+0530,23962.95,23998.8,23962.7,23986.45,0
2026-06-16T15:00:00+0530,23988.4,24002.6,23976.6,23986.8,0
2026-06-16T15:15:00+0530,23987.75,23997.4,23980.1,23995,0
2026-06-17T09:15:00+0530,24044.5,24048.05,23969.7,24020.7,0
2026-06-17T09:30:00+0530,24022.75,24063.8,24017.7,24061.55,0
2026-06-17T09:45:00+0530,24063.8,24071.65,24053.8,24065.85,0
2026-06-17T10:00:00+0530,24067.9,24069.2,24043.15,24047.7,0
2026-06-17T10:15:00+0530,24048.25,24082.8,24046.45,24066.9,0
2026-06-17T10:30:00+0530,24067.8,24088.6,24062.5,24085.75,0
2026-06-17T10:45:00+0530,24086.35,24097.4,24073.95,24080,0
2026-06-17T11:00:00+0530,24081.7,24083.1,24062.05,24081.7,0
2026-06-17T11:15:00+0530,24082,24091.45,24073.05,24088.95,0
2026-06-17T11:30:00+0530,24089.9,24108.2,24066.9,24083.3,0
2026-06-17T11:45:00+0530,24084.15,24085.6,24054.7,24055.1,0
2026-06-17T12:00:00+0530,24056.7,24065.35,24047.7,24050.3,0
2026-06-17T12:15:00+0530,24051.75,24056.9,24033,24045.5,0
2026-06-17T12:30:00+0530,24045.85,24051.2,24032.35,24044.25,0
2026-06-17T12:45:00+0530,24044.9,24053.95,24027.35,24029.5,0
2026-06-17T13:00:00+0530,24030,24040.4,24009.75,24009.75,0
2026-06-17T13:15:00+0530,24010.6,24039.3,24005.85,24034.25,0
2026-06-17T13:30:00+0530,24035.1,24061.85,24032.05,24055.7,0
2026-06-17T13:45:00+0530,24057.15,24058.55,24029.45,24048.85,0
2026-06-17T14:00:00+0530,24049.85,24053.45,24036.35,24047.85,0
2026-06-17T14:15:00+0530,24049.1,24052.3,24021.4,24024.3,0
2026-06-17T14:30:00+0530,24025.8,24048.25,24015.8,24041.25,0
2026-06-17T14:45:00+0530,24043.25,24077.3,24026.95,24076.9,0
2026-06-17T15:00:00+0530,24076.8,24098.75,24070.45,24083.6,0
2026-06-17T15:15:00+0530,24083.6,24090,24073.1,24081.95,0
2026-06-18T09:15:00+0530,24073.8,24133.35,24058.85,24090.25,0
2026-06-18T09:30:00+0530,24092.2,24121.05,24066.85,24108.9,0
2026-06-18T09:45:00+0530,24112,24139.65,24107.4,24123.2,0
2026-06-18T10:00:00+0530,24126.85,24138.4,24113.15,24125.6,0
2026-06-18T10:15:00+0530,24127.4,24130.8,24103.7,24109.25,0
2026-06-18T10:30:00+0530,24111.4,24114.2,24059.55,24076.35,0
2026-06-18T10:45:00+0530,24078.35,24093.9,24067.1,24092.55,0
2026-06-18T11:00:00+0530,24093.85,24093.85,24059.9,24064.65,0
2026-06-18T11:15:00+0530,24066.2,24066.35,24036.95,24054.95,0
2026-06-18T11:30:00+0530,24057.5,24065.5,24047.3,24062.85,0
2026-06-18T11:45:00+0530,24064.6,24075.35,24050.05,24071.95,0
2026-06-18T12:00:00+0530,24072.7,24099.7,24071.05,24088.2,0
2026-06-18T12:15:00+0530,24089.85,24119.95,24078.45,24118.7,0
2026-06-18T12:30:00+0530,24120.85,24133.75,24109.25,24117.25,0
2026-06-18T12:45:00+0530,24118.75,24132.25,24111.45,24125.65,0
2026-06-18T13:00:00+0530,24127.65,24130.85,24116.6,24127.8,0
2026-06-18T13:15:00+0530,24129.95,24136.3,24100.65,24120.45,0
2026-06-18T13:30:00+0530,24121.9,24135,24111.8,24120.7,0
2026-06-18T13:45:00+0530,24122,24127.65,24103.85,24108.35,0
2026-06-18T14:00:00+0530,24109.95,24112,24094.6,24099.75,0
2026-06-18T14:15:00+0530,24100.8,24110.05,24083.75,24088.35,0
2026-06-18T14:30:00+0530,24090.65,24113.05,24074.7,24097.2,0
2026-06-18T14:45:00+0530,24098.7,24121.4,24081.35,24121.4,0
2026-06-18T15:00:00+0530,24121.9,24183.55,24108.3,24177.45,0
2026-06-18T15:15:00+0530,24177.8,24189.25,24171.25,24179.4,0
2026-06-19T09:15:00+0530,23991.2,23998.8,23939.8,23955.55,0
2026-06-19T09:30:00+0530,23955.45,23981.95,23938.75,23975.2,0
2026-06-19T09:45:00+0530,23975.1,23990.05,23961.8,23987.7,0
2026-06-19T10:00:00+0530,23987.25,24011.25,23963.6,24010.35,0
2026-06-19T10:15:00+0530,24009.85,24011.5,23965.25,23966.75,0
2026-06-19T10:30:00+0530,23967.35,23972.6,23953.9,23970.2,0
2026-06-19T10:45:00+0530,23971.15,23972.3,23940.5,23944.8,0
2026-06-19T11:00:00+0530,23944.95,23965.5,23936.25,23964.5,0
2026-06-19T11:15:00+0530,23964.7,23967.4,23941.85,23953.75,0
2026-06-19T11:30:00+0530,23954.1,23968.3,23947.05,23954.45,0
2026-06-19T11:45:00+0530,23954.55,23956.2,23940.2,23954.4,0
2026-06-19T12:00:00+0530,23955.15,23967.7,23948.3,23959.4,0
2026-06-19T12:15:00+0530,23959.65,23974.5,23953.3,23968.9,0
2026-06-19T12:30:00+0530,23969.2,23972.25,23924.9,23951.95,0
2026-06-19T12:45:00+0530,23952.05,23962.35,23931,23938,0
2026-06-19T13:00:00+0530,23937.85,23938.6,23913.15,23930.35,0
2026-06-19T13:15:00+0530,23931.05,23933.4,23914.85,23928.15,0
2026-06-19T13:30:00+0530,23928.8,23950,23925.8,23946.8,0
2026-06-19T13:45:00+0530,23947.15,23967.05,23945.55,23966.9,0
2026-06-19T14:00:00+0530,23966.65,23992.3,23955.3,23992.3,0
2026-06-19T14:15:00+0530,23992.5,24000.6,23954.9,23958.05,0
2026-06-19T14:30:00+0530,23958.55,23995.5,23957.8,23973.25,0
2026-06-19T14:45:00+0530,23973.95,23981.7,23901.9,23911.6,0
2026-06-19T15:00:00+0530,23910.5,24042.65,23904.45,24026.95,0
2026-06-19T15:15:00+0530,24025.8,24047.2,24010.4,24042.7,0
